Traceback (most recent call last):
  File "/home/zhaobokai/vscode/remote_access_trojan/code/server_api.py", line 4, in <module>
    from quart import Quart, request, jsonify, websocket
ModuleNotFoundError: No module named 'quart'
Traceback (most recent call last):
  File "/home/zhaobokai/vscode/remote_access_trojan/code/server_api.py", line 4, in <module>
    from quart import Quart, request, jsonify, websocket
ModuleNotFoundError: No module named 'quart'
Traceback (most recent call last):
  File "/home/zhaobokai/vscode/remote_access_trojan/code/server_web.py", line 4, in <module>
    from quart import Quart, redirect, url_for, request, make_response, render_template, jsonify, websocket
ModuleNotFoundError: No module named 'quart'
[H[J
[01/01/26 09:01:15] INFO     2026-01-01 09:01:15,213 - INFO -  server_api.py:333
                             Copyright: Copyright © Zhao                        
                             Bokai, All Rights Reserved.                        
                    INFO     2026-01-01 09:01:15,220 - INFO -  server_api.py:313
                             Program starting                                   
                    INFO     2026-01-01 09:01:15,223 - INFO -  server_api.py:284
                             Initializing server                                
                    INFO     2026-01-01 09:01:15,225 - INFO -  server_api.py:285
                             Certificate path：cert.pem，Key                    
                             path：key.pem                                      
                    INFO     2026-01-01 09:01:15,231 - INFO -  server_api.py:290
                             SSL certificate loaded                             
                             successfully                                       
                    INFO     2026-01-01 09:01:15,233 - INFO -  server_api.py:298
                             Starting server：0.0.0.0:8765                      
                    INFO     2026-01-01 09:01:15,251 - INFO -      server.py:341
                             server listening on 0.0.0.0:8765                   
                    INFO     2026-01-01 09:01:15,253 - INFO -  server_api.py:301
                             Server started successfully                        
[2026-01-01 09:01:15 -0500] [322995] [INFO] Running on http://0.0.0.0:5000 (CTRL + C to quit)
                    INFO     2026-01-01 09:01:15,256 - INFO -     logging.py:107
                             Running on http://0.0.0.0:5000 (CTRL               
                             + C to quit)                                       
                    INFO     2026-01-01 09:01:15,455 - INFO -      server.py:529
                             connection open                                    
                    INFO     2026-01-01 09:01:15,460 - INFO -  server_api.py:257
                             New client                                         
                             connected：192.168.1.10:55955                      
                    INFO     2026-01-01 09:01:15,528 - INFO -  server_api.py:261
                             Client system                                      
                             information：windows                               
                             LAPTOP-CGJ3M523 10.0.26100.3624                    
                             Build 26100.3624 10.0.26100.3624                   
                             Build 26100.3624 x86_64 AMD Ryzen                  
                             9 8945HX with Radeon Graphics                      
                    INFO     2026-01-01 09:01:15,535 - INFO -  server_api.py:272
                             Client connected successfully                      
                             192.168.1.10:55955，ID：686f484a-                  
                             1e42-4a8a-b147-0b33f0ebfdbf                        
                    INFO     2026-01-01 09:01:15,593 - INFO -      server.py:529
                             connection open                                    
                    INFO     2026-01-01 09:01:15,598 - INFO -  server_api.py:257
                             New client                                         
                             connected：192.168.1.10:55956                      
                    INFO     2026-01-01 09:01:15,679 - INFO -  server_api.py:261
                             Client system                                      
                             information：windows                               
                             LAPTOP-CGJ3M523 10.0.26100.3624                    
                             Build 26100.3624 10.0.26100.3624                   
                             Build 26100.3624 x86_64 AMD Ryzen                  
                             9 8945HX with Radeon Graphics                      
                    INFO     2026-01-01 09:01:15,685 - INFO -  server_api.py:272
                             Client connected successfully                      
                             192.168.1.10:55956，ID：90910a9c-                  
                             5f9f-42a7-962c-4f42cf668461                        
2026-01-01 09:01:25,235 - INFO - Copyright: Copyright © Zhao Bokai, All Rights Reserved.
2026-01-01 09:01:25,235 - INFO - Starting program...
[2026-01-01 09:01:25 -0500] [323085] [INFO] Running on http://0.0.0.0:8000 (CTRL + C to quit)
2026-01-01 09:01:25,236 - INFO - Running on http://0.0.0.0:8000 (CTRL + C to quit)
[01/01/26 09:01:28] INFO     2026-01-01 09:01:28,728 - INFO -  server_api.py:182
                             Received function request                          
                    INFO     2026-01-01 09:01:28,731 - INFO -  server_api.py:137
                             Performing security verification                   
                    WARNING  2026-01-01 09:01:28,734 - WARNING server_api.py:140
                             - Cookie not found                                 
                    WARNING  2026-01-01 09:01:28,736 - WARNING server_api.py:185
                             - Unauthorized request                             
[2026-01-01 09:01:28 -0500] [322995] [INFO] 127.0.0.1:55030 POST /fuck/function 1.1 401 33 13656
[H[J
[2026-01-01 09:01:28 -0500] [323085] [INFO] 127.0.0.1:51106 GET /fuck/ 1.1 302 209 22258
[2026-01-01 09:01:28 -0500] [323085] [INFO] 127.0.0.1:51106 GET /fuck/login 1.1 200 874 9211
[2026-01-01 09:01:29 -0500] [323085] [INFO] 127.0.0.1:51106 GET /favicon.ico 1.1 404 207 1175
[01/01/26 09:01:30] INFO     2026-01-01 09:01:30,720 - INFO -  server_api.py:159
                             Received password verification                     
                             request                                            
                    INFO     2026-01-01 09:01:30,729 - INFO -  server_api.py:168
                             Password verification successful                   
[2026-01-01 09:01:30 -0500] [322995] [INFO] 127.0.0.1:55036 POST /fuck/verify 1.1 200 74 21813
[2026-01-01 09:01:30 -0500] [323085] [INFO] 127.0.0.1:51106 POST /fuck/login 1.1 302 199 32411
                    INFO     2026-01-01 09:01:30,775 - INFO -  server_api.py:182
                             Received function request                          
                    INFO     2026-01-01 09:01:30,780 - INFO -  server_api.py:137
                             Performing security verification                   
                    INFO     2026-01-01 09:01:30,789 - INFO -  server_api.py:143
                             Verification passed                                
                    WARNING  2026-01-01 09:01:30,794 - WARNING server_api.py:192
                             - Function name not provided                       
[2026-01-01 09:01:30 -0500] [322995] [INFO] 127.0.0.1:55048 POST /fuck/function 1.1 400 39 25591
[2026-01-01 09:01:30 -0500] [323085] [INFO] 127.0.0.1:51106 GET /fuck/ 1.1 200 3439 47596
[01/01/26 09:01:31] INFO     2026-01-01 09:01:31,155 - INFO -  server_api.py:182
                             Received function request                          
                    INFO     2026-01-01 09:01:31,158 - INFO -  server_api.py:137
                             Performing security verification                   
                    INFO     2026-01-01 09:01:31,162 - INFO -  server_api.py:143
                             Verification passed                                
                    WARNING  2026-01-01 09:01:31,165 - WARNING server_api.py:192
                             - Function name not provided                       
[2026-01-01 09:01:31 -0500] [322995] [INFO] 127.0.0.1:55054 POST /fuck/function 1.1 400 39 12409
                    INFO     2026-01-01 09:01:31,171 - INFO -  server_api.py:182
                             Received function request                          
                    INFO     2026-01-01 09:01:31,173 - INFO -  server_api.py:137
                             Performing security verification                   
                    INFO     2026-01-01 09:01:31,177 - INFO -  server_api.py:143
                             Verification passed                                
                    INFO     2026-01-01 09:01:31,180 - INFO -  server_api.py:196
                             Requested function：device_list                    
                    INFO     2026-01-01 09:01:31,182 - INFO -   server_api.py:44
                             Server initialization                              
                    INFO     2026-01-01 09:01:31,185 - INFO -   server_api.py:51
                             Getting client list                                
                    INFO     2026-01-01 09:01:31,187 - INFO -   server_api.py:63
                             Device list：[{'id':                               
                             '686f484a-1e42-4a8a-b147-0b33f0ebf                 
                             dbf', 'ip': '192.168.1.10:55955',                  
                             'systeminfo': 'windows                             
                             LAPTOP-CGJ3M523 10.0.26100.3624                    
                             Build 26100.3624 10.0.26100.3624                   
                             Build 26100.3624 x86_64 AMD Ryzen                  
                             9 8945HX with Radeon Graphics                      
                             '}, {'id':                                         
                             '90910a9c-5f9f-42a7-962c-4f42cf668                 
                             461', 'ip': '192.168.1.10:55956',                  
                             'systeminfo': 'windows                             
                             LAPTOP-CGJ3M523 10.0.26100.3624                    
                             Build 26100.3624 10.0.26100.3624                   
                             Build 26100.3624 x86_64 AMD Ryzen                  
                             9 8945HX with Radeon Graphics                      
                             '}]                                                
[2026-01-01 09:01:31 -0500] [322995] [INFO] 127.0.0.1:55070 POST /fuck/function 1.1 200 466 21953
[2026-01-01 09:01:31 -0500] [323085] [INFO] 127.0.0.1:51106 POST /fuck/requests_to_function 1.1 200 466 42686
[01/01/26 09:01:36] INFO     2026-01-01 09:01:36,103 - INFO -  server_api.py:182
                             Received function request                          
                    INFO     2026-01-01 09:01:36,108 - INFO -  server_api.py:137
                             Performing security verification                   
                    INFO     2026-01-01 09:01:36,117 - INFO -  server_api.py:143
                             Verification passed                                
                    WARNING  2026-01-01 09:01:36,121 - WARNING server_api.py:192
                             - Function name not provided                       
[2026-01-01 09:01:36 -0500] [322995] [INFO] 127.0.0.1:55072 POST /fuck/function 1.1 400 39 24314
                    INFO     2026-01-01 09:01:36,134 - INFO -  server_api.py:182
                             Received function request                          
                    INFO     2026-01-01 09:01:36,138 - INFO -  server_api.py:137
                             Performing security verification                   
                    INFO     2026-01-01 09:01:36,147 - INFO -  server_api.py:143
                             Verification passed                                
                    INFO     2026-01-01 09:01:36,151 - INFO -  server_api.py:196
                             Requested function：device_list                    
                    INFO     2026-01-01 09:01:36,155 - INFO -   server_api.py:44
                             Server initialization                              
                    INFO     2026-01-01 09:01:36,159 - INFO -   server_api.py:51
                             Getting client list                                
                    INFO     2026-01-01 09:01:36,164 - INFO -   server_api.py:63
                             Device list：[{'id':                               
                             '686f484a-1e42-4a8a-b147-0b33f0ebf                 
                             dbf', 'ip': '192.168.1.10:55955',                  
                             'systeminfo': 'windows                             
                             LAPTOP-CGJ3M523 10.0.26100.3624                    
                             Build 26100.3624 10.0.26100.3624                   
                             Build 26100.3624 x86_64 AMD Ryzen                  
                             9 8945HX with Radeon Graphics                      
                             '}, {'id':                                         
                             '90910a9c-5f9f-42a7-962c-4f42cf668                 
                             461', 'ip': '192.168.1.10:55956',                  
                             'systeminfo': 'windows                             
                             LAPTOP-CGJ3M523 10.0.26100.3624                    
                             Build 26100.3624 10.0.26100.3624                   
                             Build 26100.3624 x86_64 AMD Ryzen                  
                             9 8945HX with Radeon Graphics                      
                             '}]                                                
[2026-01-01 09:01:36 -0500] [322995] [INFO] 127.0.0.1:55078 POST /fuck/function 1.1 200 466 40021
[2026-01-01 09:01:36 -0500] [323085] [INFO] 127.0.0.1:51106 POST /fuck/requests_to_function 1.1 200 466 78744
[01/01/26 09:01:41] INFO     2026-01-01 09:01:41,108 - INFO -  server_api.py:182
                             Received function request                          
                    INFO     2026-01-01 09:01:41,114 - INFO -  server_api.py:137
                             Performing security verification                   
                    INFO     2026-01-01 09:01:41,126 - INFO -  server_api.py:143
                             Verification passed                                
                    WARNING  2026-01-01 09:01:41,132 - WARNING server_api.py:192
                             - Function name not provided                       
[2026-01-01 09:01:41 -0500] [322995] [INFO] 127.0.0.1:53158 POST /fuck/function 1.1 400 39 32409
                    INFO     2026-01-01 09:01:41,146 - INFO -  server_api.py:182
                             Received function request                          
                    INFO     2026-01-01 09:01:41,150 - INFO -  server_api.py:137
                             Performing security verification                   
                    INFO     2026-01-01 09:01:41,161 - INFO -  server_api.py:143
                             Verification passed                                
                    INFO     2026-01-01 09:01:41,168 - INFO -  server_api.py:196
                             Requested function：device_list                    
                    INFO     2026-01-01 09:01:41,175 - INFO -   server_api.py:44
                             Server initialization                              
                    INFO     2026-01-01 09:01:41,179 - INFO -   server_api.py:51
                             Getting client list                                
                    INFO     2026-01-01 09:01:41,183 - INFO -   server_api.py:63
                             Device list：[{'id':                               
                             '686f484a-1e42-4a8a-b147-0b33f0ebf                 
                             dbf', 'ip': '192.168.1.10:55955',                  
                             'systeminfo': 'windows                             
                             LAPTOP-CGJ3M523 10.0.26100.3624                    
                             Build 26100.3624 10.0.26100.3624                   
                             Build 26100.3624 x86_64 AMD Ryzen                  
                             9 8945HX with Radeon Graphics                      
                             '}, {'id':                                         
                             '90910a9c-5f9f-42a7-962c-4f42cf668                 
                             461', 'ip': '192.168.1.10:55956',                  
                             'systeminfo': 'windows                             
                             LAPTOP-CGJ3M523 10.0.26100.3624                    
                             Build 26100.3624 10.0.26100.3624                   
                             Build 26100.3624 x86_64 AMD Ryzen                  
                             9 8945HX with Radeon Graphics                      
                             '}]                                                
[2026-01-01 09:01:41 -0500] [322995] [INFO] 127.0.0.1:53166 POST /fuck/function 1.1 200 466 47612
[2026-01-01 09:01:41 -0500] [323085] [INFO] 127.0.0.1:51106 POST /fuck/requests_to_function 1.1 200 466 94347
[01/01/26 09:01:46] INFO     2026-01-01 09:01:46,145 - INFO -  server_api.py:182
                             Received function request                          
                    INFO     2026-01-01 09:01:46,149 - INFO -  server_api.py:137
                             Performing security verification                   
                    INFO     2026-01-01 09:01:46,159 - INFO -  server_api.py:143
                             Verification passed                                
                    WARNING  2026-01-01 09:01:46,163 - WARNING server_api.py:192
                             - Function name not provided                       
[2026-01-01 09:01:46 -0500] [322995] [INFO] 127.0.0.1:53178 POST /fuck/function 1.1 400 39 24617
                    INFO     2026-01-01 09:01:46,176 - INFO -  server_api.py:182
                             Received function request                          
                    INFO     2026-01-01 09:01:46,180 - INFO -  server_api.py:137
                             Performing security verification                   
                    INFO     2026-01-01 09:01:46,189 - INFO -  server_api.py:143
                             Verification passed                                
                    INFO     2026-01-01 09:01:46,194 - INFO -  server_api.py:196
                             Requested function：device_list                    
                    INFO     2026-01-01 09:01:46,198 - INFO -   server_api.py:44
                             Server initialization                              
                    INFO     2026-01-01 09:01:46,202 - INFO -   server_api.py:51
                             Getting client list                                
                    INFO     2026-01-01 09:01:46,206 - INFO -   server_api.py:63
                             Device list：[{'id':                               
                             '686f484a-1e42-4a8a-b147-0b33f0ebf                 
                             dbf', 'ip': '192.168.1.10:55955',                  
                             'systeminfo': 'windows                             
                             LAPTOP-CGJ3M523 10.0.26100.3624                    
                             Build 26100.3624 10.0.26100.3624                   
                             Build 26100.3624 x86_64 AMD Ryzen                  
                             9 8945HX with Radeon Graphics                      
                             '}, {'id':                                         
                             '90910a9c-5f9f-42a7-962c-4f42cf668                 
                             461', 'ip': '192.168.1.10:55956',                  
                             'systeminfo': 'windows                             
                             LAPTOP-CGJ3M523 10.0.26100.3624                    
                             Build 26100.3624 10.0.26100.3624                   
                             Build 26100.3624 x86_64 AMD Ryzen                  
                             9 8945HX with Radeon Graphics                      
                             '}]                                                
[2026-01-01 09:01:46 -0500] [322995] [INFO] 127.0.0.1:53184 POST /fuck/function 1.1 200 466 40596
[2026-01-01 09:01:46 -0500] [323085] [INFO] 127.0.0.1:51106 POST /fuck/requests_to_function 1.1 200 466 79851
                    INFO     2026-01-01 09:01:46,431 - INFO -  server_api.py:182
                             Received function request                          
                    INFO     2026-01-01 09:01:46,436 - INFO -  server_api.py:137
                             Performing security verification                   
                    INFO     2026-01-01 09:01:46,445 - INFO -  server_api.py:143
                             Verification passed                                
                    WARNING  2026-01-01 09:01:46,451 - WARNING server_api.py:192
                             - Function name not provided                       
[2026-01-01 09:01:46 -0500] [322995] [INFO] 127.0.0.1:53200 POST /fuck/function 1.1 400 39 27160
[2026-01-01 09:01:46 -0500] [323085] [INFO] 127.0.0.1:51106 GET /fuck/device/686f484a-1e42-4a8a-b147-0b33f0ebfdbf 1.1 200 6646 58965
[01/01/26 09:01:51] INFO     2026-01-01 09:01:51,787 - INFO -  server_api.py:182
                             Received function request                          
                    INFO     2026-01-01 09:01:51,789 - INFO -  server_api.py:137
                             Performing security verification                   
                    INFO     2026-01-01 09:01:51,793 - INFO -  server_api.py:143
                             Verification passed                                
                    WARNING  2026-01-01 09:01:51,795 - WARNING server_api.py:192
                             - Function name not provided                       
[2026-01-01 09:01:51 -0500] [322995] [INFO] 127.0.0.1:39850 POST /fuck/function 1.1 400 39 11318
                    INFO     2026-01-01 09:01:51,801 - INFO -  server_api.py:182
                             Received function request                          
                    INFO     2026-01-01 09:01:51,803 - INFO -  server_api.py:137
                             Performing security verification                   
                    INFO     2026-01-01 09:01:51,807 - INFO -  server_api.py:143
                             Verification passed                                
                    INFO     2026-01-01 09:01:51,809 - INFO -  server_api.py:196
                             Requested function：command                        
                    INFO     2026-01-01 09:01:51,811 - INFO -   server_api.py:44
                             Server initialization                              
                    INFO     2026-01-01 09:01:51,813 - INFO -  server_api.py:213
                             Target                                             
                             device：686f484a-1e42-4a8a-b147-0                  
                             b33f0ebfdbf                                        
                    INFO     2026-01-01 09:01:51,815 - INFO -   server_api.py:51
                             Getting client list                                
                    INFO     2026-01-01 09:01:51,817 - INFO -   server_api.py:63
                             Device list：[{'id':                               
                             '686f484a-1e42-4a8a-b147-0b33f0ebf                 
                             dbf', 'ip': '192.168.1.10:55955',                  
                             'systeminfo': 'windows                             
                             LAPTOP-CGJ3M523 10.0.26100.3624                    
                             Build 26100.3624 10.0.26100.3624                   
                             Build 26100.3624 x86_64 AMD Ryzen                  
                             9 8945HX with Radeon Graphics                      
                             '}, {'id':                                         
                             '90910a9c-5f9f-42a7-962c-4f42cf668                 
                             461', 'ip': '192.168.1.10:55956',                  
                             'systeminfo': 'windows                             
                             LAPTOP-CGJ3M523 10.0.26100.3624                    
                             Build 26100.3624 10.0.26100.3624                   
                             Build 26100.3624 x86_64 AMD Ryzen                  
                             9 8945HX with Radeon Graphics                      
                             '}]                                                
                    INFO     2026-01-01 09:01:51,821 - INFO -   server_api.py:87
                             Initializing client                                
                             controller：686f484a-1e42-4a8a-b14                 
                             7-0b33f0ebfdbf                                     
                    INFO     2026-01-01 09:01:51,823 - INFO -  server_api.py:103
                             Executing command：whami                           
[01/01/26 09:01:52] INFO     2026-01-01 09:01:52,632 - INFO -  server_api.py:107
                             Command                                            
                             result：{"command":"whami","error                  
                             ":"exit status                                     
                             1","output":"'whami'                               
                             \ufffd\ufffd\ufffd\ufffd\ufffdڲ\u                  
                             fffd\ufffd\ufffd\ufffdⲿ\ufffd\uff                  
                             fd\ufffdҲ\ufffd\ufffd\ufffdǿ\uff                  
                             fd\ufffd\ufffd\ufffdеĳ\ufffd\ufff                  
                             d\ufffd\r\n\ufffd\ufffd\ufffd\uff                  
                             fd\ufffd\ufffd\ufffd\ufffd\ufffdļ                  
                             \ufffd\ufffd\ufffd\r\n","status":                  
                             1}                                                 
                                                                                
[2026-01-01 09:01:52 -0500] [322995] [INFO] 127.0.0.1:39856 POST /fuck/function 1.1 200 403 841873
[2026-01-01 09:01:52 -0500] [323085] [INFO] 127.0.0.1:35630 POST /fuck/requests_to_function 1.1 200 403 861053
[01/01/26 09:01:57] INFO     2026-01-01 09:01:57,305 - INFO -  server_api.py:182
                             Received function request                          
                    INFO     2026-01-01 09:01:57,310 - INFO -  server_api.py:137
                             Performing security verification                   
                    INFO     2026-01-01 09:01:57,318 - INFO -  server_api.py:143
                             Verification passed                                
                    WARNING  2026-01-01 09:01:57,322 - WARNING server_api.py:192
                             - Function name not provided                       
[2026-01-01 09:01:57 -0500] [322995] [INFO] 127.0.0.1:38970 POST /fuck/function 1.1 400 39 22053
                    INFO     2026-01-01 09:01:57,332 - INFO -  server_api.py:182
                             Received function request                          
                    INFO     2026-01-01 09:01:57,337 - INFO -  server_api.py:137
                             Performing security verification                   
                    INFO     2026-01-01 09:01:57,345 - INFO -  server_api.py:143
                             Verification passed                                
                    INFO     2026-01-01 09:01:57,349 - INFO -  server_api.py:196
                             Requested function：command                        
                    INFO     2026-01-01 09:01:57,353 - INFO -   server_api.py:44
                             Server initialization                              
                    INFO     2026-01-01 09:01:57,357 - INFO -  server_api.py:213
                             Target                                             
                             device：686f484a-1e42-4a8a-b147-0                  
                             b33f0ebfdbf                                        
                    INFO     2026-01-01 09:01:57,361 - INFO -   server_api.py:51
                             Getting client list                                
                    INFO     2026-01-01 09:01:57,365 - INFO -   server_api.py:63
                             Device list：[{'id':                               
                             '686f484a-1e42-4a8a-b147-0b33f0ebf                 
                             dbf', 'ip': '192.168.1.10:55955',                  
                             'systeminfo': 'windows                             
                             LAPTOP-CGJ3M523 10.0.26100.3624                    
                             Build 26100.3624 10.0.26100.3624                   
                             Build 26100.3624 x86_64 AMD Ryzen                  
                             9 8945HX with Radeon Graphics                      
                             '}, {'id':                                         
                             '90910a9c-5f9f-42a7-962c-4f42cf668                 
                             461', 'ip': '192.168.1.10:55956',                  
                             'systeminfo': 'windows                             
                             LAPTOP-CGJ3M523 10.0.26100.3624                    
                             Build 26100.3624 10.0.26100.3624                   
                             Build 26100.3624 x86_64 AMD Ryzen                  
                             9 8945HX with Radeon Graphics                      
                             '}]                                                
                    INFO     2026-01-01 09:01:57,372 - INFO -   server_api.py:87
                             Initializing client                                
                             controller：686f484a-1e42-4a8a-b14                 
                             7-0b33f0ebfdbf                                     
                    INFO     2026-01-01 09:01:57,376 - INFO -  server_api.py:103
                             Executing command：whoami                          
[01/01/26 09:01:58] INFO     2026-01-01 09:01:58,160 - INFO -  server_api.py:107
                             Command                                            
                             result：{"command":"whoami","outp                  
                             ut":"laptop-cgj3m523\\system2\r\n                  
                             ","status":0}                                      
                                                                                
[2026-01-01 09:01:58 -0500] [322995] [INFO] 127.0.0.1:38982 POST /fuck/function 1.1 200 102 835711
[2026-01-01 09:01:58 -0500] [323085] [INFO] 127.0.0.1:35630 POST /fuck/requests_to_function 1.1 200 102 870985
[01/01/26 09:02:03] INFO     2026-01-01 09:02:03,370 - INFO -  server_api.py:182
                             Received function request                          
                    INFO     2026-01-01 09:02:03,375 - INFO -  server_api.py:137
                             Performing security verification                   
                    INFO     2026-01-01 09:02:03,385 - INFO -  server_api.py:143
                             Verification passed                                
                    WARNING  2026-01-01 09:02:03,390 - WARNING server_api.py:192
                             - Function name not provided                       
[2026-01-01 09:02:03 -0500] [322995] [INFO] 127.0.0.1:38988 POST /fuck/function 1.1 400 39 26427
[2026-01-01 09:02:03 -0500] [323085] [INFO] 127.0.0.1:57338 GET /fuck/device/90910a9c-5f9f-42a7-962c-4f42cf668461 1.1 200 6646 38209
[01/01/26 09:02:08] INFO     2026-01-01 09:02:08,177 - INFO -  server_api.py:182
                             Received function request                          
                    INFO     2026-01-01 09:02:08,182 - INFO -  server_api.py:137
                             Performing security verification                   
                    INFO     2026-01-01 09:02:08,190 - INFO -  server_api.py:143
                             Verification passed                                
                    WARNING  2026-01-01 09:02:08,195 - WARNING server_api.py:192
                             - Function name not provided                       
[2026-01-01 09:02:08 -0500] [322995] [INFO] 127.0.0.1:60114 POST /fuck/function 1.1 400 39 23656
                    INFO     2026-01-01 09:02:08,207 - INFO -  server_api.py:182
                             Received function request                          
                    INFO     2026-01-01 09:02:08,211 - INFO -  server_api.py:137
                             Performing security verification                   
                    INFO     2026-01-01 09:02:08,220 - INFO -  server_api.py:143
                             Verification passed                                
                    INFO     2026-01-01 09:02:08,224 - INFO -  server_api.py:196
                             Requested function：command                        
                    INFO     2026-01-01 09:02:08,228 - INFO -   server_api.py:44
                             Server initialization                              
                    INFO     2026-01-01 09:02:08,232 - INFO -  server_api.py:213
                             Target                                             
                             device：90910a9c-5f9f-42a7-962c-4                  
                             f42cf668461                                        
                    INFO     2026-01-01 09:02:08,237 - INFO -   server_api.py:51
                             Getting client list                                
                    INFO     2026-01-01 09:02:08,242 - INFO -   server_api.py:63
                             Device list：[{'id':                               
                             '686f484a-1e42-4a8a-b147-0b33f0ebf                 
                             dbf', 'ip': '192.168.1.10:55955',                  
                             'systeminfo': 'windows                             
                             LAPTOP-CGJ3M523 10.0.26100.3624                    
                             Build 26100.3624 10.0.26100.3624                   
                             Build 26100.3624 x86_64 AMD Ryzen                  
                             9 8945HX with Radeon Graphics                      
                             '}, {'id':                                         
                             '90910a9c-5f9f-42a7-962c-4f42cf668                 
                             461', 'ip': '192.168.1.10:55956',                  
                             'systeminfo': 'windows                             
                             LAPTOP-CGJ3M523 10.0.26100.3624                    
                             Build 26100.3624 10.0.26100.3624                   
                             Build 26100.3624 x86_64 AMD Ryzen                  
                             9 8945HX with Radeon Graphics                      
                             '}]                                                
                    INFO     2026-01-01 09:02:08,250 - INFO -   server_api.py:87
                             Initializing client                                
                             controller：90910a9c-5f9f-42a7-962                 
                             c-4f42cf668461                                     
                    INFO     2026-01-01 09:02:08,254 - INFO -  server_api.py:103
                             Executing command：whoami                          
[01/01/26 09:02:09] INFO     2026-01-01 09:02:09,117 - INFO -  server_api.py:107
                             Command                                            
                             result：{"command":"whoami","outp                  
                             ut":"laptop-cgj3m523\\lenovo\r\n"                  
                             ,"status":0}                                       
                                                                                
[2026-01-01 09:02:09 -0500] [322995] [INFO] 127.0.0.1:60122 POST /fuck/function 1.1 200 101 919273
[2026-01-01 09:02:09 -0500] [323085] [INFO] 127.0.0.1:57338 POST /fuck/requests_to_function 1.1 200 101 957376
[01/01/26 09:02:24] INFO     2026-01-01 09:02:24,289 - INFO -  server_api.py:182
                             Received function request                          
                    INFO     2026-01-01 09:02:24,293 - INFO -  server_api.py:137
                             Performing security verification                   
                    INFO     2026-01-01 09:02:24,302 - INFO -  server_api.py:143
                             Verification passed                                
                    WARNING  2026-01-01 09:02:24,307 - WARNING server_api.py:192
                             - Function name not provided                       
[2026-01-01 09:02:24 -0500] [322995] [INFO] 127.0.0.1:38356 POST /fuck/function 1.1 400 39 23678
                    INFO     2026-01-01 09:02:24,318 - INFO -  server_api.py:182
                             Received function request                          
                    INFO     2026-01-01 09:02:24,323 - INFO -  server_api.py:137
                             Performing security verification                   
                    INFO     2026-01-01 09:02:24,332 - INFO -  server_api.py:143
                             Verification passed                                
                    INFO     2026-01-01 09:02:24,336 - INFO -  server_api.py:196
                             Requested function：background                     
                    INFO     2026-01-01 09:02:24,340 - INFO -   server_api.py:44
                             Server initialization                              
                    INFO     2026-01-01 09:02:24,345 - INFO -  server_api.py:213
                             Target                                             
                             device：90910a9c-5f9f-42a7-962c-4                  
                             f42cf668461                                        
                    INFO     2026-01-01 09:02:24,349 - INFO -   server_api.py:51
                             Getting client list                                
                    INFO     2026-01-01 09:02:24,353 - INFO -   server_api.py:63
                             Device list：[{'id':                               
                             '686f484a-1e42-4a8a-b147-0b33f0ebf                 
                             dbf', 'ip': '192.168.1.10:55955',                  
                             'systeminfo': 'windows                             
                             LAPTOP-CGJ3M523 10.0.26100.3624                    
                             Build 26100.3624 10.0.26100.3624                   
                             Build 26100.3624 x86_64 AMD Ryzen                  
                             9 8945HX with Radeon Graphics                      
                             '}, {'id':                                         
                             '90910a9c-5f9f-42a7-962c-4f42cf668                 
                             461', 'ip': '192.168.1.10:55956',                  
                             'systeminfo': 'windows                             
                             LAPTOP-CGJ3M523 10.0.26100.3624                    
                             Build 26100.3624 10.0.26100.3624                   
                             Build 26100.3624 x86_64 AMD Ryzen                  
                             9 8945HX with Radeon Graphics                      
                             '}]                                                
                    INFO     2026-01-01 09:02:24,361 - INFO -   server_api.py:87
                             Initializing client                                
                             controller：90910a9c-5f9f-42a7-962                 
                             c-4f42cf668461                                     
                    INFO     2026-01-01 09:02:24,366 - INFO -  server_api.py:114
                             Executing command in                               
                             background：start                                  
                             C:\Windows\Media\onestop.mid                       
                    INFO     2026-01-01 09:02:24,594 - INFO -  server_api.py:118
                             Background command sent                            
                             successfully                                       
[2026-01-01 09:02:24 -0500] [322995] [INFO] 127.0.0.1:38370 POST /fuck/function 1.1 200 27 282953
[2026-01-01 09:02:24 -0500] [323085] [INFO] 127.0.0.1:57226 POST /fuck/requests_to_function 1.1 200 27 320286
[01/01/26 09:05:05] INFO     2026-01-01 09:05:05,450 - INFO -  server_api.py:182
                             Received function request                          
                    INFO     2026-01-01 09:05:05,454 - INFO -  server_api.py:137
                             Performing security verification                   
                    INFO     2026-01-01 09:05:05,463 - INFO -  server_api.py:143
                             Verification passed                                
                    WARNING  2026-01-01 09:05:05,468 - WARNING server_api.py:192
                             - Function name not provided                       
[2026-01-01 09:05:05 -0500] [322995] [INFO] 127.0.0.1:48886 POST /fuck/function 1.1 400 39 24539
                    INFO     2026-01-01 09:05:05,480 - INFO -  server_api.py:182
                             Received function request                          
                    INFO     2026-01-01 09:05:05,484 - INFO -  server_api.py:137
                             Performing security verification                   
                    INFO     2026-01-01 09:05:05,493 - INFO -  server_api.py:143
                             Verification passed                                
                    INFO     2026-01-01 09:05:05,498 - INFO -  server_api.py:196
                             Requested function：systeminfo                     
                    INFO     2026-01-01 09:05:05,502 - INFO -   server_api.py:44
                             Server initialization                              
                    INFO     2026-01-01 09:05:05,506 - INFO -  server_api.py:213
                             Target                                             
                             device：90910a9c-5f9f-42a7-962c-4                  
                             f42cf668461                                        
                    INFO     2026-01-01 09:05:05,511 - INFO -   server_api.py:51
                             Getting client list                                
                    INFO     2026-01-01 09:05:05,515 - INFO -   server_api.py:63
                             Device list：[{'id':                               
                             '686f484a-1e42-4a8a-b147-0b33f0ebf                 
                             dbf', 'ip': '192.168.1.10:55955',                  
                             'systeminfo': 'windows                             
                             LAPTOP-CGJ3M523 10.0.26100.3624                    
                             Build 26100.3624 10.0.26100.3624                   
                             Build 26100.3624 x86_64 AMD Ryzen                  
                             9 8945HX with Radeon Graphics                      
                             '}, {'id':                                         
                             '90910a9c-5f9f-42a7-962c-4f42cf668                 
                             461', 'ip': '192.168.1.10:55956',                  
                             'systeminfo': 'windows                             
                             LAPTOP-CGJ3M523 10.0.26100.3624                    
                             Build 26100.3624 10.0.26100.3624                   
                             Build 26100.3624 x86_64 AMD Ryzen                  
                             9 8945HX with Radeon Graphics                      
                             '}]                                                
                    INFO     2026-01-01 09:05:05,523 - INFO -   server_api.py:87
                             Initializing client                                
                             controller：90910a9c-5f9f-42a7-962                 
                             c-4f42cf668461                                     
                    INFO     2026-01-01 09:05:05,528 - INFO -   server_api.py:92
                             Getting device system information                  
                    INFO     2026-01-01 09:05:05,776 - INFO -   server_api.py:96
                             System                                             
                             information：{"cpu":[{"cpu":0,"ven                 
                             dorId":"AuthenticAMD","family":"10                 
                             7","model":"","stepping":0,"physic                 
                             alId":"178BFBFF00A60F12","coreId":                 
                             "","cores":32,"modelName":"AMD                     
                             Ryzen 9 8945HX with Radeon                         
                             Graphics                                           
                             ","mhz":2501,"cacheSize":0,"flags"                 
                             :[],"microcode":""}],"disk_usage":                 
                             {"path":"C:","fstype":"","total":4                 
                             29497774080,"free":163801382912,"u                 
                             sed":265696391168,"usedPercent":61                 
                             .86211133157359,"inodesTotal":0,"i                 
                             nodesUsed":0,"inodesFree":0,"inode                 
                             sUsedPercent":0},"host":{"hostname                 
                             ":"LAPTOP-CGJ3M523","uptime":37641                 
                             0,"bootTime":1766899895,"procs":44                 
                             0,"os":"windows","platform":"Micro                 
                             soft Windows 11 Home                               
                             China","platformFamily":"Standalon                 
                             e                                                  
                             Workstation","platformVersion":"10                 
                             .0.26100.3624 Build                                
                             26100.3624","kernelVersion":"10.0.                 
                             26100.3624 Build                                   
                             26100.3624","kernelArch":"x86_64",                 
                             "virtualizationSystem":"","virtual                 
                             izationRole":"","hostId":"53d2bd44                 
                             -d228-4e82-966b-f0370c23a148"},"in                 
                             terfaces":[{"index":7,"mtu":1500,"                 
                             name":"WLAN                                        
                             2","hardwareAddr":"ae:f2:3c:08:0f:                 
                             f3","flags":["broadcast","multicas                 
                             t"],"addrs":[{"addr":"fe80::e586:b                 
                             1f7:3f64:e579/64"},{"addr":"169.25                 
                             4.122.219/16"}]},{"index":9,"mtu":                 
                             1500,"name":"WLAN                                  
                             5","hardwareAddr":"ae:f2:3c:08:1f:                 
                             e3","flags":["broadcast","multicas                 
                             t"],"addrs":[{"addr":"fe80::8b78:7                 
                             fb9:6eea:b008/64"},{"addr":"169.25                 
                             4.194.5/16"}]},{"index":17,"mtu":1                 
                             492,"name":"WLAN","hardwareAddr":"                 
                             ac:f2:3c:08:2f:d3","flags":["up","                 
                             broadcast","multicast"],"addrs":[{                 
                             "addr":"2408:8226:241:79f0:e220:d1                 
                             f7:290a:493a/64"},{"addr":"2408:82                 
                             26:241:79f0:5077:57f0:4438:52d7/12                 
                             8"},{"addr":"2408:8226:241:79f0:6c                 
                             62:5d33:1d52:5154/128"},{"addr":"2                 
                             408:8226:241:79f0:b952:cfc2:fbb0:7                 
                             54d/128"},{"addr":"fe80::29a0:59f:                 
                             bc8b:7105/64"},{"addr":"192.168.1.                 
                             10/24"}]},{"index":19,"mtu":1500,"                 
                             name":"蓝牙网络连接","hardwareAddr                 
                             ":"ac:f2:3c:08:2f:d4","flags":["br                 
                             oadcast","multicast"],"addrs":[{"a                 
                             ddr":"fe80::7c17:221f:abf3:523b/64                 
                             "},{"addr":"169.254.34.95/16"}]},{                 
                             "index":20,"mtu":1500,"name":"以太                 
                             网","hardwareAddr":"c8:53:09:e1:68                 
                             :c3","flags":["broadcast","multica                 
                             st"],"addrs":[{"addr":"fe80::e59b:                 
                             85b5:552a:aea7/64"},{"addr":"169.2                 
                             54.229.102/16"}]},{"index":1,"mtu"                 
                             :-1,"name":"Loopback                               
                             Pseudo-Interface                                   
                             1","hardwareAddr":"","flags":["up"                 
                             ,"loopback","multicast"],"addrs":[                 
                             {"addr":"::1/128"},{"addr":"127.0.                 
                             0.1/8"}]}],"io_disk":{"C:":{"readC                 
                             ount":1313884,"mergedReadCount":0,                 
                             "writeCount":1702913,"mergedWriteC                 
                             ount":0,"readBytes":66739751424,"w                 
                             riteBytes":56490004992,"readTime":                 
                             723,"writeTime":1186,"iopsInProgre                 
                             ss":0,"ioTime":0,"weightedIO":0,"n                 
                             ame":"C:","serialNumber":"","label                 
                             ":""},"D:":{"readCount":125592,"me                 
                             rgedReadCount":0,"writeCount":5112                 
                             6,"mergedWriteCount":0,"readBytes"                 
                             :9009492992,"writeBytes":288264192                 
                             0,"readTime":124,"writeTime":23,"i                 
                             opsInProgress":0,"ioTime":0,"weigh                 
                             tedIO":0,"name":"D:","serialNumber                 
                             ":"","label":""},"E:":{"readCount"                 
                             :44356,"mergedReadCount":0,"writeC                 
                             ount":6970,"mergedWriteCount":0,"r                 
                             eadBytes":2851219456,"writeBytes":                 
                             277925888,"readTime":32,"writeTime                 
                             ":3,"iopsInProgress":0,"ioTime":0,                 
                             "weightedIO":0,"name":"E:","serial                 
                             Number":"","label":""}},"io_networ                 
                             k":[{"name":"WLAN                                  
                             2","bytesSent":0,"bytesRecv":0,"pa                 
                             cketsSent":0,"packetsRecv":0,"erri                 
                             n":0,"errout":0,"dropin":0,"dropou                 
                             t":0,"fifoin":0,"fifoout":0},{"nam                 
                             e":"WLAN                                           
                             5","bytesSent":0,"bytesRecv":0,"pa                 
                             cketsSent":0,"packetsRecv":0,"erri                 
                             n":0,"errout":0,"dropin":0,"dropou                 
                             t":0,"fifoin":0,"fifoout":0},{"nam                 
                             e":"WLAN","bytesSent":283652011,"b                 
                             ytesRecv":4811293536,"packetsSent"                 
                             :1210595,"packetsRecv":2812844,"er                 
                             rin":0,"errout":0,"dropin":0,"drop                 
                             out":0,"fifoin":0,"fifoout":0},{"n                 
                             ame":"蓝牙网络连接","bytesSent":0,                 
                             "bytesRecv":0,"packetsSent":0,"pac                 
                             ketsRecv":0,"errin":0,"errout":0,"                 
                             dropin":0,"dropout":0,"fifoin":0,"                 
                             fifoout":0},{"name":"以太网","byte                 
                             sSent":0,"bytesRecv":0,"packetsSen                 
                             t":0,"packetsRecv":0,"errin":0,"er                 
                             rout":0,"dropin":0,"dropout":0,"fi                 
                             foin":0,"fifoout":0},{"name":"Loop                 
                             back Pseudo-Interface                              
                             1","bytesSent":0,"bytesRecv":0,"pa                 
                             cketsSent":0,"packetsRecv":0,"erri                 
                             n":0,"errout":0,"dropin":0,"dropou                 
                             t":0,"fifoin":0,"fifoout":0}],"mem                 
                             ory":{"total":33605316608,"availab                 
                             le":15933050880,"used":17672265728                 
                             ,"usedPercent":52,"free":159330508                 
                             80,"active":0,"inactive":0,"wired"                 
                             :0,"laundry":0,"buffers":0,"cached                 
                             ":0,"writeBack":0,"dirty":0,"write                 
                             BackTmp":0,"shared":0,"slab":0,"sr                 
                             eclaimable":0,"sunreclaim":0,"page                 
                             Tables":0,"swapCached":0,"commitLi                 
                             mit":0,"committedAS":0,"highTotal"                 
                             :0,"highFree":0,"lowTotal":0,"lowF                 
                             ree":0,"swapTotal":0,"swapFree":0,                 
                             "mapped":0,"vmallocTotal":0,"vmall                 
                             ocUsed":0,"vmallocChunk":0,"hugePa                 
                             gesTotal":0,"hugePagesFree":0,"hug                 
                             ePagesRsvd":0,"hugePagesSurp":0,"h                 
                             ugePageSize":0,"anonHugePages":0},                 
                             "partition":[{"device":"C:","mount                 
                             point":"C:","fstype":"NTFS","opts"                 
                             :["rw","compress"]},{"device":"D:"                 
                             ,"mountpoint":"D:","fstype":"NTFS"                 
                             ,"opts":["rw","compress"]},{"devic                 
                             e":"E:","mountpoint":"E:","fstype"                 
                             :"NTFS","opts":["rw","compress"]}]                 
                             ,"processes":[{"pid":0},{"pid":4},                 
                             {"pid":428},{"pid":472},{"pid":636                 
                             },{"pid":1032},{"pid":1072},{"pid"                 
                             :1716},{"pid":1792},{"pid":1912},{                 
                             "pid":1988},{"pid":2008},{"pid":20                 
                             16},{"pid":2036},{"pid":2068},{"pi                 
                             d":2124},{"pid":2140},{"pid":2184}                 
                             ,{"pid":2204},{"pid":2220},{"pid":                 
                             2292},{"pid":2344},{"pid":2500},{"                 
                             pid":2540},{"pid":2636},{"pid":266                 
                             0},{"pid":2664},{"pid":2672},{"pid                 
                             ":2680},{"pid":2688},{"pid":2740},                 
                             {"pid":2792},{"pid":2800},{"pid":2                 
                             808},{"pid":2816},{"pid":2824},{"p                 
                             id":2832},{"pid":2844},{"pid":2864                 
                             },{"pid":2980},{"pid":3052},{"pid"                 
                             :3112},{"pid":3168},{"pid":3192},{                 
                             "pid":3228},{"pid":3236},{"pid":34                 
                             12},{"pid":3456},{"pid":3516},{"pi                 
                             d":3604},{"pid":3692},{"pid":3704}                 
                             ,{"pid":3728},{"pid":3736},{"pid":                 
                             3888},{"pid":3924},{"pid":3928},{"                 
                             pid":4152},{"pid":4160},{"pid":416                 
                             8},{"pid":4184},{"pid":4204},{"pid                 
                             ":4232},{"pid":4236},{"pid":4368},                 
                             {"pid":4376},{"pid":4384},{"pid":4                 
                             420},{"pid":4476},{"pid":4572},{"p                 
                             id":4580},{"pid":4652},{"pid":4720                 
                             },{"pid":4736},{"pid":4784},{"pid"                 
                             :4800},{"pid":5092},{"pid":5124},{                 
                             "pid":5148},{"pid":5192},{"pid":52                 
                             32},{"pid":5360},{"pid":5516},{"pi                 
                             d":5544},{"pid":5740},{"pid":5748}                 
                             ,{"pid":5764},{"pid":5784},{"pid":                 
                             5828},{"pid":5860},{"pid":6068},{"                 
                             pid":6216},{"pid":6248},{"pid":632                 
                             0},{"pid":6384},{"pid":6428},{"pid                 
                             ":6468},{"pid":6580},{"pid":6608},                 
                             {"pid":6620},{"pid":6632},{"pid":6                 
                             664},{"pid":6716},{"pid":6744},{"p                 
                             id":6868},{"pid":6876},{"pid":6916                 
                             },{"pid":6924},{"pid":6952},{"pid"                 
                             :6996},{"pid":7004},{"pid":7028},{                 
                             "pid":7036},{"pid":7048},{"pid":70                 
                             56},{"pid":7068},{"pid":7076},{"pi                 
                             d":7092},{"pid":7100},{"pid":7120}                 
                             ,{"pid":7136},{"pid":7140},{"pid":                 
                             7148},{"pid":7164},{"pid":7208},{"                 
                             pid":7224},{"pid":7280},{"pid":732                 
                             4},{"pid":7340},{"pid":7364},{"pid                 
                             ":7384},{"pid":7404},{"pid":7408},                 
                             {"pid":7436},{"pid":7448},{"pid":7                 
                             532},{"pid":7564},{"pid":7648},{"p                 
                             id":7712},{"pid":7776},{"pid":7828                 
                             },{"pid":7944},{"pid":8396},{"pid"                 
                             :8488},{"pid":8824},{"pid":9176},{                 
                             "pid":9240},{"pid":9248},{"pid":92                 
                             76},{"pid":9292},{"pid":9392},{"pi                 
                             d":9532},{"pid":9616},{"pid":9636}                 
                             ,{"pid":9984},{"pid":10044},{"pid"                 
                             :10132},{"pid":10180},{"pid":10244                 
                             },{"pid":10712},{"pid":10956},{"pi                 
                             d":11096},{"pid":11116},{"pid":111                 
                             68},{"pid":11292},{"pid":11492},{"                 
                             pid":11532},{"pid":11920},{"pid":1                 
                             2616},{"pid":12660},{"pid":12716},                 
                             {"pid":12896},{"pid":12904},{"pid"                 
                             :13008},{"pid":13248},{"pid":13360                 
                             },{"pid":13572},{"pid":13640},{"pi                 
                             d":13776},{"pid":13868},{"pid":139                 
                             68},{"pid":14108},{"pid":14324},{"                 
                             pid":14368},{"pid":14552},{"pid":1                 
                             4832},{"pid":14864},{"pid":15088},                 
                             {"pid":15216},{"pid":15444},{"pid"                 
                             :15496},{"pid":15612},{"pid":15676                 
                             },{"pid":15720},{"pid":15736},{"pi                 
                             d":15780},{"pid":15880},{"pid":164                 
                             28},{"pid":16604},{"pid":16676},{"                 
                             pid":16744},{"pid":16760},{"pid":1                 
                             7088},{"pid":17124},{"pid":17496},                 
                             {"pid":18032},{"pid":18120},{"pid"                 
                             :18304},{"pid":18512},{"pid":18644                 
                             },{"pid":18684},{"pid":18808},{"pi                 
                             d":19068},{"pid":19104},{"pid":191                 
                             28},{"pid":19296},{"pid":19460},{"                 
                             pid":19476},{"pid":19836},{"pid":1                 
                             9876},{"pid":19980},{"pid":19996},                 
                             {"pid":20068},{"pid":20644},{"pid"                 
                             :20704},{"pid":20792},{"pid":20844                 
                             },{"pid":20876},{"pid":20896},{"pi                 
                             d":21008},{"pid":21164},{"pid":214                 
                             72},{"pid":21616},{"pid":21644},{"                 
                             pid":21664},{"pid":22172},{"pid":2                 
                             2176},{"pid":22220},{"pid":22236},                 
                             {"pid":22560},{"pid":22592},{"pid"                 
                             :22772},{"pid":22800},{"pid":23260                 
                             },{"pid":23376},{"pid":23572},{"pi                 
                             d":23628},{"pid":23824},{"pid":239                 
                             48},{"pid":23988},{"pid":23996},{"                 
                             pid":24036},{"pid":24040},{"pid":2                 
                             4148},{"pid":24368},{"pid":24404},                 
                             {"pid":24532},{"pid":24588},{"pid"                 
                             :24800},{"pid":24808},{"pid":25268                 
                             },{"pid":25560},{"pid":25664},{"pi                 
                             d":25704},{"pid":25792},{"pid":258                 
                             76},{"pid":25912},{"pid":25972},{"                 
                             pid":26048},{"pid":26052},{"pid":2                 
                             6204},{"pid":26516},{"pid":26860},                 
                             {"pid":27016},{"pid":27216},{"pid"                 
                             :27292},{"pid":28068},{"pid":28180                 
                             },{"pid":28224},{"pid":28336},{"pi                 
                             d":28852},{"pid":29028},{"pid":292                 
                             08},{"pid":29772},{"pid":29844},{"                 
                             pid":30168},{"pid":30464},{"pid":3                 
                             0848},{"pid":31028},{"pid":31520},                 
                             {"pid":31720},{"pid":32004},{"pid"                 
                             :32032},{"pid":32296},{"pid":32428                 
                             },{"pid":32692},{"pid":32696},{"pi                 
                             d":32700},{"pid":32724},{"pid":328                 
                             20},{"pid":32844},{"pid":33108},{"                 
                             pid":33128},{"pid":33244},{"pid":3                 
                             3600},{"pid":34088},{"pid":34228},                 
                             {"pid":34244},{"pid":34248},{"pid"                 
                             :34256},{"pid":34320},{"pid":34448                 
                             },{"pid":34476},{"pid":34488},{"pi                 
                             d":34560},{"pid":34688},{"pid":347                 
                             40},{"pid":34880},{"pid":34904},{"                 
                             pid":35072},{"pid":35252},{"pid":3                 
                             6000},{"pid":36060},{"pid":36272},                 
                             {"pid":36356},{"pid":36408},{"pid"                 
                             :36444},{"pid":36912},{"pid":37056                 
                             },{"pid":37408},{"pid":37416},{"pi                 
                             d":37520},{"pid":37652},{"pid":381                 
                             80},{"pid":38224},{"pid":38280},{"                 
                             pid":38560},{"pid":38700},{"pid":3                 
                             9032},{"pid":39044},{"pid":39096},                 
                             {"pid":39344},{"pid":39428},{"pid"                 
                             :39452},{"pid":39548},{"pid":39596                 
                             },{"pid":39676},{"pid":39772},{"pi                 
                             d":39868},{"pid":40192},{"pid":403                 
                             28},{"pid":40376},{"pid":40432},{"                 
                             pid":40444},{"pid":40516},{"pid":4                 
                             0568},{"pid":40680},{"pid":40868},                 
                             {"pid":41024},{"pid":41096},{"pid"                 
                             :41176},{"pid":41380},{"pid":41400                 
                             },{"pid":41464},{"pid":41804},{"pi                 
                             d":42064},{"pid":42116},{"pid":421                 
                             28},{"pid":42392},{"pid":42408},{"                 
                             pid":42496},{"pid":42632},{"pid":4                 
                             2700},{"pid":42716},{"pid":42736},                 
                             {"pid":42868},{"pid":43056},{"pid"                 
                             :43244},{"pid":43596},{"pid":43660                 
                             },{"pid":43720},{"pid":43744},{"pi                 
                             d":43780},{"pid":43976},{"pid":440                 
                             12},{"pid":44024},{"pid":44276},{"                 
                             pid":44808},{"pid":44864},{"pid":4                 
                             4928},{"pid":44940},{"pid":44960},                 
                             {"pid":44988},{"pid":45084},{"pid"                 
                             :45120},{"pid":45220},{"pid":45372                 
                             },{"pid":45544},{"pid":45584},{"pi                 
                             d":45664},{"pid":45772},{"pid":458                 
                             24},{"pid":46008},{"pid":46224},{"                 
                             pid":46232},{"pid":46264},{"pid":4                 
                             6316},{"pid":46508},{"pid":46640},                 
                             {"pid":46688},{"pid":46780},{"pid"                 
                             :47028},{"pid":47056},{"pid":47120                 
                             },{"pid":47348},{"pid":47480},{"pi                 
                             d":48500},{"pid":48692},{"pid":487                 
                             72},{"pid":48976},{"pid":49024},{"                 
                             pid":49068},{"pid":49124},{"pid":4                 
                             9412},{"pid":49440},{"pid":49628},                 
                             {"pid":49784},{"pid":49912},{"pid"                 
                             :50268},{"pid":50608},{"pid":50632                 
                             },{"pid":50924},{"pid":50988},{"pi                 
                             d":52160},{"pid":52960},{"pid":533                 
                             52},{"pid":53536},{"pid":54040},{"                 
                             pid":55060}],"swap_memory":{"total                 
                             ":35752800256,"used":34419277824,"                 
                             free":1333522432,"usedPercent":96.                 
                             27015947715533,"sin":0,"sout":0,"p                 
                             gIn":0,"pgOut":0,"pgFault":0,"pgMa                 
                             jFault":0}}                                        
                                                                                
[2026-01-01 09:05:05 -0500] [322995] [INFO] 127.0.0.1:48900 POST /fuck/function 1.1 200 12578 462506
[2026-01-01 09:05:05 -0500] [323085] [INFO] 127.0.0.1:35180 POST /fuck/requests_to_function 1.1 200 12578 500072
[2026-01-01 09:16:36 -0500] [323085] [INFO] 127.0.0.1:49468 GET /favicon.ico 1.1 - - 194
[2026-01-01 09:16:36 -0500] [323085] [INFO] 127.0.0.1:49468 GET /favicon.ico 1.1 404 207 9007
[01/01/26 09:16:37] INFO     2026-01-01 09:16:37,488 - INFO -  server_api.py:182
                             Received function request                          
                    INFO     2026-01-01 09:16:37,494 - INFO -  server_api.py:137
                             Performing security verification                   
                    INFO     2026-01-01 09:16:37,507 - INFO -  server_api.py:143
                             Verification passed                                
                    WARNING  2026-01-01 09:16:37,512 - WARNING server_api.py:192
                             - Function name not provided                       
[2026-01-01 09:16:37 -0500] [322995] [INFO] 127.0.0.1:33128 POST /fuck/function 1.1 400 39 34404
                    INFO     2026-01-01 09:16:37,534 - INFO -  server_api.py:182
                             Received function request                          
                    INFO     2026-01-01 09:16:37,544 - INFO -  server_api.py:137
                             Performing security verification                   
                    INFO     2026-01-01 09:16:37,556 - INFO -  server_api.py:143
                             Verification passed                                
                    INFO     2026-01-01 09:16:37,563 - INFO -  server_api.py:196
                             Requested function：device_list                    
                    INFO     2026-01-01 09:16:37,571 - INFO -   server_api.py:44
                             Server initialization                              
                    INFO     2026-01-01 09:16:37,579 - INFO -   server_api.py:51
                             Getting client list                                
                    INFO     2026-01-01 09:16:37,587 - INFO -   server_api.py:63
                             Device list：[{'id':                               
                             '686f484a-1e42-4a8a-b147-0b33f0ebf                 
                             dbf', 'ip': '192.168.1.10:55955',                  
                             'systeminfo': 'windows                             
                             LAPTOP-CGJ3M523 10.0.26100.3624                    
                             Build 26100.3624 10.0.26100.3624                   
                             Build 26100.3624 x86_64 AMD Ryzen                  
                             9 8945HX with Radeon Graphics                      
                             '}, {'id':                                         
                             '90910a9c-5f9f-42a7-962c-4f42cf668                 
                             461', 'ip': '192.168.1.10:55956',                  
                             'systeminfo': 'windows                             
                             LAPTOP-CGJ3M523 10.0.26100.3624                    
                             Build 26100.3624 10.0.26100.3624                   
                             Build 26100.3624 x86_64 AMD Ryzen                  
                             9 8945HX with Radeon Graphics                      
                             '}]                                                
[2026-01-01 09:16:37 -0500] [322995] [INFO] 127.0.0.1:33144 POST /fuck/function 1.1 200 466 67111
[2026-01-01 09:16:37 -0500] [323085] [INFO] 127.0.0.1:47366 POST /fuck/requests_to_function 1.1 - - 125068
[2026-01-01 09:16:37 -0500] [323085] [INFO] 127.0.0.1:47366 POST /fuck/requests_to_function 1.1 200 466 126624
                    INFO     2026-01-01 09:16:37,650 - INFO -  server_api.py:182
                             Received function request                          
                    INFO     2026-01-01 09:16:37,657 - INFO -  server_api.py:137
                             Performing security verification                   
                    INFO     2026-01-01 09:16:37,667 - INFO -  server_api.py:143
                             Verification passed                                
                    WARNING  2026-01-01 09:16:37,672 - WARNING server_api.py:192
                             - Function name not provided                       
[2026-01-01 09:16:37 -0500] [322995] [INFO] 127.0.0.1:33158 POST /fuck/function 1.1 400 39 28859
[2026-01-01 09:16:37 -0500] [323085] [INFO] 127.0.0.1:47380 GET /fuck/device/90910a9c-5f9f-42a7-962c-4f42cf668461 1.1 200 6646 38758
[01/01/26 09:16:42] INFO     2026-01-01 09:16:42,662 - INFO -  server_api.py:182
                             Received function request                          
                    INFO     2026-01-01 09:16:42,666 - INFO -  server_api.py:137
                             Performing security verification                   
                    INFO     2026-01-01 09:16:42,675 - INFO -  server_api.py:143
                             Verification passed                                
                    WARNING  2026-01-01 09:16:42,679 - WARNING server_api.py:192
                             - Function name not provided                       
[2026-01-01 09:16:42 -0500] [322995] [INFO] 127.0.0.1:33162 POST /fuck/function 1.1 400 39 22878
                    INFO     2026-01-01 09:16:42,691 - INFO -  server_api.py:182
                             Received function request                          
                    INFO     2026-01-01 09:16:42,695 - INFO -  server_api.py:137
                             Performing security verification                   
                    INFO     2026-01-01 09:16:42,704 - INFO -  server_api.py:143
                             Verification passed                                
                    INFO     2026-01-01 09:16:42,708 - INFO -  server_api.py:196
                             Requested function：command                        
                    INFO     2026-01-01 09:16:42,712 - INFO -   server_api.py:44
                             Server initialization                              
                    INFO     2026-01-01 09:16:42,716 - INFO -  server_api.py:213
                             Target                                             
                             device：90910a9c-5f9f-42a7-962c-4                  
                             f42cf668461                                        
                    INFO     2026-01-01 09:16:42,720 - INFO -   server_api.py:51
                             Getting client list                                
                    INFO     2026-01-01 09:16:42,725 - INFO -   server_api.py:63
                             Device list：[{'id':                               
                             '686f484a-1e42-4a8a-b147-0b33f0ebf                 
                             dbf', 'ip': '192.168.1.10:55955',                  
                             'systeminfo': 'windows                             
                             LAPTOP-CGJ3M523 10.0.26100.3624                    
                             Build 26100.3624 10.0.26100.3624                   
                             Build 26100.3624 x86_64 AMD Ryzen                  
                             9 8945HX with Radeon Graphics                      
                             '}, {'id':                                         
                             '90910a9c-5f9f-42a7-962c-4f42cf668                 
                             461', 'ip': '192.168.1.10:55956',                  
                             'systeminfo': 'windows                             
                             LAPTOP-CGJ3M523 10.0.26100.3624                    
                             Build 26100.3624 10.0.26100.3624                   
                             Build 26100.3624 x86_64 AMD Ryzen                  
                             9 8945HX with Radeon Graphics                      
                             '}]                                                
                    INFO     2026-01-01 09:16:42,733 - INFO -   server_api.py:87
                             Initializing client                                
                             controller：90910a9c-5f9f-42a7-962                 
                             c-4f42cf668461                                     
                    INFO     2026-01-01 09:16:42,737 - INFO -  server_api.py:103
                             Executing command：whoami                          
[01/01/26 09:16:43] INFO     2026-01-01 09:16:43,630 - INFO -  server_api.py:107
                             Command                                            
                             result：{"command":"whoami","outp                  
                             ut":"laptop-cgj3m523\\lenovo\r\n"                  
                             ,"status":0}                                       
                                                                                
[2026-01-01 09:16:43 -0500] [322995] [INFO] 127.0.0.1:33164 POST /fuck/function 1.1 200 101 947036
[2026-01-01 09:16:43 -0500] [323085] [INFO] 127.0.0.1:47380 POST /fuck/requests_to_function 1.1 200 101 983658
[01/01/26 09:16:47] INFO     2026-01-01 09:16:47,812 - INFO -  server_api.py:182
                             Received function request                          
                    INFO     2026-01-01 09:16:47,814 - INFO -  server_api.py:137
                             Performing security verification                   
                    INFO     2026-01-01 09:16:47,819 - INFO -  server_api.py:143
                             Verification passed                                
                    WARNING  2026-01-01 09:16:47,821 - WARNING server_api.py:192
                             - Function name not provided                       
[2026-01-01 09:16:47 -0500] [322995] [INFO] 127.0.0.1:56820 POST /fuck/function 1.1 400 39 12521
                    INFO     2026-01-01 09:16:47,827 - INFO -  server_api.py:182
                             Received function request                          
                    INFO     2026-01-01 09:16:47,829 - INFO -  server_api.py:137
                             Performing security verification                   
                    INFO     2026-01-01 09:16:47,834 - INFO -  server_api.py:143
                             Verification passed                                
                    INFO     2026-01-01 09:16:47,836 - INFO -  server_api.py:196
                             Requested function：device_list                    
                    INFO     2026-01-01 09:16:47,838 - INFO -   server_api.py:44
                             Server initialization                              
                    INFO     2026-01-01 09:16:47,840 - INFO -   server_api.py:51
                             Getting client list                                
                    INFO     2026-01-01 09:16:47,843 - INFO -   server_api.py:63
                             Device list：[{'id':                               
                             '686f484a-1e42-4a8a-b147-0b33f0ebf                 
                             dbf', 'ip': '192.168.1.10:55955',                  
                             'systeminfo': 'windows                             
                             LAPTOP-CGJ3M523 10.0.26100.3624                    
                             Build 26100.3624 10.0.26100.3624                   
                             Build 26100.3624 x86_64 AMD Ryzen                  
                             9 8945HX with Radeon Graphics                      
                             '}, {'id':                                         
                             '90910a9c-5f9f-42a7-962c-4f42cf668                 
                             461', 'ip': '192.168.1.10:55956',                  
                             'systeminfo': 'windows                             
                             LAPTOP-CGJ3M523 10.0.26100.3624                    
                             Build 26100.3624 10.0.26100.3624                   
                             Build 26100.3624 x86_64 AMD Ryzen                  
                             9 8945HX with Radeon Graphics                      
                             '}]                                                
[2026-01-01 09:16:47 -0500] [322995] [INFO] 127.0.0.1:56822 POST /fuck/function 1.1 200 466 21538
[2026-01-01 09:16:47 -0500] [323085] [INFO] 127.0.0.1:47380 POST /fuck/requests_to_function 1.1 200 466 42877
[01/01/26 09:16:50] INFO     2026-01-01 09:16:50,851 - INFO -  server_api.py:182
                             Received function request                          
                    INFO     2026-01-01 09:16:50,858 - INFO -  server_api.py:137
                             Performing security verification                   
                    INFO     2026-01-01 09:16:50,870 - INFO -  server_api.py:143
                             Verification passed                                
                    WARNING  2026-01-01 09:16:50,874 - WARNING server_api.py:192
                             - Function name not provided                       
[2026-01-01 09:16:50 -0500] [322995] [INFO] 127.0.0.1:56830 POST /fuck/function 1.1 400 39 29012
[2026-01-01 09:16:50 -0500] [323085] [INFO] 127.0.0.1:47380 GET /fuck/device/686f484a-1e42-4a8a-b147-0b33f0ebfdbf 1.1 200 6646 38603
[01/01/26 09:16:55] INFO     2026-01-01 09:16:55,013 - INFO -  server_api.py:182
                             Received function request                          
                    INFO     2026-01-01 09:16:55,017 - INFO -  server_api.py:137
                             Performing security verification                   
                    INFO     2026-01-01 09:16:55,026 - INFO -  server_api.py:143
                             Verification passed                                
                    WARNING  2026-01-01 09:16:55,030 - WARNING server_api.py:192
                             - Function name not provided                       
[2026-01-01 09:16:55 -0500] [322995] [INFO] 127.0.0.1:56846 POST /fuck/function 1.1 400 39 23377
                    INFO     2026-01-01 09:16:55,043 - INFO -  server_api.py:182
                             Received function request                          
                    INFO     2026-01-01 09:16:55,049 - INFO -  server_api.py:137
                             Performing security verification                   
                    INFO     2026-01-01 09:16:55,058 - INFO -  server_api.py:143
                             Verification passed                                
                    INFO     2026-01-01 09:16:55,062 - INFO -  server_api.py:196
                             Requested function：command                        
                    INFO     2026-01-01 09:16:55,066 - INFO -   server_api.py:44
                             Server initialization                              
                    INFO     2026-01-01 09:16:55,070 - INFO -  server_api.py:213
                             Target                                             
                             device：686f484a-1e42-4a8a-b147-0                  
                             b33f0ebfdbf                                        
                    INFO     2026-01-01 09:16:55,075 - INFO -   server_api.py:51
                             Getting client list                                
                    INFO     2026-01-01 09:16:55,079 - INFO -   server_api.py:63
                             Device list：[{'id':                               
                             '686f484a-1e42-4a8a-b147-0b33f0ebf                 
                             dbf', 'ip': '192.168.1.10:55955',                  
                             'systeminfo': 'windows                             
                             LAPTOP-CGJ3M523 10.0.26100.3624                    
                             Build 26100.3624 10.0.26100.3624                   
                             Build 26100.3624 x86_64 AMD Ryzen                  
                             9 8945HX with Radeon Graphics                      
                             '}, {'id':                                         
                             '90910a9c-5f9f-42a7-962c-4f42cf668                 
                             461', 'ip': '192.168.1.10:55956',                  
                             'systeminfo': 'windows                             
                             LAPTOP-CGJ3M523 10.0.26100.3624                    
                             Build 26100.3624 10.0.26100.3624                   
                             Build 26100.3624 x86_64 AMD Ryzen                  
                             9 8945HX with Radeon Graphics                      
                             '}]                                                
                    INFO     2026-01-01 09:16:55,087 - INFO -   server_api.py:87
                             Initializing client                                
                             controller：686f484a-1e42-4a8a-b14                 
                             7-0b33f0ebfdbf                                     
                    INFO     2026-01-01 09:16:55,092 - INFO -  server_api.py:103
                             Executing command：whoami                          
                    INFO     2026-01-01 09:16:55,920 - INFO -  server_api.py:107
                             Command                                            
                             result：{"command":"whoami","outp                  
                             ut":"laptop-cgj3m523\\system2\r\n                  
                             ","status":0}                                      
                                                                                
[2026-01-01 09:16:55 -0500] [322995] [INFO] 127.0.0.1:56852 POST /fuck/function 1.1 200 102 885022
[2026-01-01 09:16:55 -0500] [323085] [INFO] 127.0.0.1:47380 POST /fuck/requests_to_function 1.1 200 102 922872
[01/01/26 09:17:14] INFO     2026-01-01 09:17:14,889 - INFO -  server_api.py:182
                             Received function request                          
                    INFO     2026-01-01 09:17:14,893 - INFO -  server_api.py:137
                             Performing security verification                   
                    INFO     2026-01-01 09:17:14,902 - INFO -  server_api.py:143
                             Verification passed                                
                    WARNING  2026-01-01 09:17:14,906 - WARNING server_api.py:192
                             - Function name not provided                       
[2026-01-01 09:17:14 -0500] [322995] [INFO] 127.0.0.1:34580 POST /fuck/function 1.1 400 39 23367
                    INFO     2026-01-01 09:17:14,918 - INFO -  server_api.py:182
                             Received function request                          
                    INFO     2026-01-01 09:17:14,922 - INFO -  server_api.py:137
                             Performing security verification                   
                    INFO     2026-01-01 09:17:14,931 - INFO -  server_api.py:143
                             Verification passed                                
                    INFO     2026-01-01 09:17:14,935 - INFO -  server_api.py:196
                             Requested function：command                        
                    INFO     2026-01-01 09:17:14,940 - INFO -   server_api.py:44
                             Server initialization                              
                    INFO     2026-01-01 09:17:14,944 - INFO -  server_api.py:213
                             Target                                             
                             device：686f484a-1e42-4a8a-b147-0                  
                             b33f0ebfdbf                                        
                    INFO     2026-01-01 09:17:14,948 - INFO -   server_api.py:51
                             Getting client list                                
                    INFO     2026-01-01 09:17:14,952 - INFO -   server_api.py:63
                             Device list：[{'id':                               
                             '686f484a-1e42-4a8a-b147-0b33f0ebf                 
                             dbf', 'ip': '192.168.1.10:55955',                  
                             'systeminfo': 'windows                             
                             LAPTOP-CGJ3M523 10.0.26100.3624                    
                             Build 26100.3624 10.0.26100.3624                   
                             Build 26100.3624 x86_64 AMD Ryzen                  
                             9 8945HX with Radeon Graphics                      
                             '}, {'id':                                         
                             '90910a9c-5f9f-42a7-962c-4f42cf668                 
                             461', 'ip': '192.168.1.10:55956',                  
                             'systeminfo': 'windows                             
                             LAPTOP-CGJ3M523 10.0.26100.3624                    
                             Build 26100.3624 10.0.26100.3624                   
                             Build 26100.3624 x86_64 AMD Ryzen                  
                             9 8945HX with Radeon Graphics                      
                             '}]                                                
                    INFO     2026-01-01 09:17:14,961 - INFO -   server_api.py:87
                             Initializing client                                
                             controller：686f484a-1e42-4a8a-b14                 
                             7-0b33f0ebfdbf                                     
                    INFO     2026-01-01 09:17:14,965 - INFO -  server_api.py:103
                             Executing command：fsutil                          
[01/01/26 09:17:16] INFO     2026-01-01 09:17:16,001 - INFO -  server_api.py:107
                             Command                                            
                             result：{"command":"fsutil","outp                  
                             ut":"----                                          
                             \ufffd\ufffd֧\ufffdֵ\ufffd\ufffd\uf                  
                             ffd\ufffd\ufffd                                    
                             ----\r\n\r\n8dot3name                              
                             8dot3name                                          
                             \ufffd\ufffd\ufffd\ufffd\r\nbehav                  
                             ior                                                
                             \ufffd\ufffd\ufffd\ufffd\ufffdļ\u                  
                             fffdϵͳ\ufffd\ufffdΪ\r\nbypassIo                    
                                     BypassIo                                   
                             \ufffd\ufffd\ufffd\ufffd\r\nclfs                   
                             CLFS                                               
                             \ufffd\ufffd־\ufffdļ\ufffd\ufffd\                  
                             ufffd\ufffd\ufffd\r\ndax                           
                                   DAX                                          
                             \ufffd\ufffd\ufffd\ufffd\ufffd\uf                  
                             ffd\r\ndevdrv                                      
                             \ufffd\ufffd\ufffd\ufffd\ufffd\uf                  
                             ffdԱ\ufffd\ufffd\ufffd\ufffd\ufff                  
                             d\ufffd\r\ndirty                                   
                             \ufffd\ufffd\ufffd\ufffd\ufffd\uf                  
                             ffd\ufffd\ufffd\ufffd\ufffdλ\r\nf                  
                             ile                                                
                             \ufffdļ\ufffd\ufffdض\ufffd\ufffd\                  
                             ufffd\ufffd\ufffd\r\nfsInfo                        
                                                                                
                             \ufffdļ\ufffdϵͳ\ufffd\ufffdϢ\r\nh                  
                             ardlink                                            
                             Ӳ\ufffd\ufffd\ufffdӹ\ufffd\ufffd\                  
                             ufffd\r\nobjectID                                  
                             \ufffd\ufffd\ufffd\ufffd ID                        
                             \ufffd\ufffd\ufffd\ufffd\r\nquota                  
                             \ufffd\ufffd\ufffd\ufffd\ufffd\uf                  
                             ffd\ufffd\ufffd\r\nrepair                          
                                                                                
                             \ufffd\ufffd\ufffd\ufffd\ufffd޸\u                  
                             fffd\ufffd\ufffd\ufffd\ufffd\r\nr                  
                             eparsePoint                                        
                             \ufffdط\ufffd\ufffd\ufffd\ufffd\u                  
                             fffd\ufffd\ufffd\ufffd\ufffd\r\ns                  
                             torageReserve                                      
                             \ufffd洢\ufffd\ufffd\ufffd\ufffd\                  
                             ufffd\ufffd\ufffd\ufffd\r\nresour                  
                             ce                                                 
                             \ufffd\ufffd\ufffd\ufffd\ufffd\uf                  
                             ffd\ufffd\ufffdԴ\ufffd\ufffd\ufff                  
                             d\ufffd\ufffd\ufffd\ufffd\ufffd\u                  
                             fffd\ufffd\r\nsparse                               
                             ϡ\ufffd\ufffd\ufffdļ\ufffd\ufffd\                  
                             ufffd\ufffd\ufffd\r\ntiering                       
                                                                                
                             \ufffd洢\ufffdֲ\ufffd\ufffd\ufffd\                  
                             ufffdԹ\ufffd\ufffd\ufffd\r\ntrace                  
                                                                                
                             \ufffdļ\ufffdϵͳ\ufffd\ufffd\ufffd                  
                             ٹ\ufffd\ufffd\ufffd\r\ntransactio                  
                             n                                                  
                             \ufffd\ufffd\ufffd\ufffd\ufffd\uf                  
                             ffd\ufffd\ufffd\r\nusn                             
                                 USN                                            
                             \ufffd\ufffd\ufffd\ufffd\r\nvolum                  
                             e                                                  
                             \ufffd\ufffd\ufffd\ufffd\ufffd\uf                  
                             ffd\r\nwim                                         
                             ͸\ufffd\ufffd wim                                  
                             \ufffdйܹ\ufffd\ufffd\ufffd\r\n","s                  
                             tatus":0}                                          
                                                                                
[2026-01-01 09:17:16 -0500] [322995] [INFO] 127.0.0.1:34588 POST /fuck/function 1.1 200 2219 1101884
[2026-01-01 09:17:16 -0500] [323085] [INFO] 127.0.0.1:41528 POST /fuck/requests_to_function 1.1 200 2219 1138735
[01/01/26 09:18:04] INFO     2026-01-01 09:18:04,258 - INFO -  server_api.py:182
                             Received function request                          
                    INFO     2026-01-01 09:18:04,263 - INFO -  server_api.py:137
                             Performing security verification                   
                    INFO     2026-01-01 09:18:04,272 - INFO -  server_api.py:143
                             Verification passed                                
                    WARNING  2026-01-01 09:18:04,277 - WARNING server_api.py:192
                             - Function name not provided                       
[2026-01-01 09:18:04 -0500] [322995] [INFO] 127.0.0.1:54368 POST /fuck/function 1.1 400 39 25697
                    INFO     2026-01-01 09:18:04,289 - INFO -  server_api.py:182
                             Received function request                          
                    INFO     2026-01-01 09:18:04,294 - INFO -  server_api.py:137
                             Performing security verification                   
                    INFO     2026-01-01 09:18:04,304 - INFO -  server_api.py:143
                             Verification passed                                
                    INFO     2026-01-01 09:18:04,309 - INFO -  server_api.py:196
                             Requested function：systeminfo                     
                    INFO     2026-01-01 09:18:04,313 - INFO -   server_api.py:44
                             Server initialization                              
                    INFO     2026-01-01 09:18:04,318 - INFO -  server_api.py:213
                             Target                                             
                             device：686f484a-1e42-4a8a-b147-0                  
                             b33f0ebfdbf                                        
                    INFO     2026-01-01 09:18:04,323 - INFO -   server_api.py:51
                             Getting client list                                
                    INFO     2026-01-01 09:18:04,329 - INFO -   server_api.py:63
                             Device list：[{'id':                               
                             '686f484a-1e42-4a8a-b147-0b33f0ebf                 
                             dbf', 'ip': '192.168.1.10:55955',                  
                             'systeminfo': 'windows                             
                             LAPTOP-CGJ3M523 10.0.26100.3624                    
                             Build 26100.3624 10.0.26100.3624                   
                             Build 26100.3624 x86_64 AMD Ryzen                  
                             9 8945HX with Radeon Graphics                      
                             '}, {'id':                                         
                             '90910a9c-5f9f-42a7-962c-4f42cf668                 
                             461', 'ip': '192.168.1.10:55956',                  
                             'systeminfo': 'windows                             
                             LAPTOP-CGJ3M523 10.0.26100.3624                    
                             Build 26100.3624 10.0.26100.3624                   
                             Build 26100.3624 x86_64 AMD Ryzen                  
                             9 8945HX with Radeon Graphics                      
                             '}]                                                
                    INFO     2026-01-01 09:18:04,337 - INFO -   server_api.py:87
                             Initializing client                                
                             controller：686f484a-1e42-4a8a-b14                 
                             7-0b33f0ebfdbf                                     
                    INFO     2026-01-01 09:18:04,343 - INFO -   server_api.py:92
                             Getting device system information                  
[01/01/26 09:18:06] INFO     2026-01-01 09:18:06,807 - INFO -   server_api.py:96
                             System                                             
                             information：{"cpu":[{"cpu":0,"ven                 
                             dorId":"AuthenticAMD","family":"10                 
                             7","model":"","stepping":0,"physic                 
                             alId":"178BFBFF00A60F12","coreId":                 
                             "","cores":32,"modelName":"AMD                     
                             Ryzen 9 8945HX with Radeon                         
                             Graphics                                           
                             ","mhz":2501,"cacheSize":0,"flags"                 
                             :[],"microcode":""}],"disk_usage":                 
                             {"path":"C:","fstype":"","total":4                 
                             29497774080,"free":163769434112,"u                 
                             sed":265728339968,"usedPercent":61                 
                             .86954997315175,"inodesTotal":0,"i                 
                             nodesUsed":0,"inodesFree":0,"inode                 
                             sUsedPercent":0},"host":{"hostname                 
                             ":"LAPTOP-CGJ3M523","uptime":37718                 
                             9,"bootTime":1766899895,"procs":44                 
                             4,"os":"windows","platform":"Micro                 
                             soft Windows 11 Home                               
                             China","platformFamily":"Standalon                 
                             e                                                  
                             Workstation","platformVersion":"10                 
                             .0.26100.3624 Build                                
                             26100.3624","kernelVersion":"10.0.                 
                             26100.3624 Build                                   
                             26100.3624","kernelArch":"x86_64",                 
                             "virtualizationSystem":"","virtual                 
                             izationRole":"","hostId":"53d2bd44                 
                             -d228-4e82-966b-f0370c23a148"},"in                 
                             terfaces":[{"index":7,"mtu":1500,"                 
                             name":"WLAN                                        
                             2","hardwareAddr":"ae:f2:3c:08:0f:                 
                             f3","flags":["broadcast","multicas                 
                             t"],"addrs":[{"addr":"fe80::e586:b                 
                             1f7:3f64:e579/64"},{"addr":"169.25                 
                             4.122.219/16"}]},{"index":9,"mtu":                 
                             1500,"name":"WLAN                                  
                             5","hardwareAddr":"ae:f2:3c:08:1f:                 
                             e3","flags":["broadcast","multicas                 
                             t"],"addrs":[{"addr":"fe80::8b78:7                 
                             fb9:6eea:b008/64"},{"addr":"169.25                 
                             4.194.5/16"}]},{"index":17,"mtu":1                 
                             492,"name":"WLAN","hardwareAddr":"                 
                             ac:f2:3c:08:2f:d3","flags":["up","                 
                             broadcast","multicast"],"addrs":[{                 
                             "addr":"2408:8226:241:79f0:e220:d1                 
                             f7:290a:493a/64"},{"addr":"2408:82                 
                             26:241:79f0:5077:57f0:4438:52d7/12                 
                             8"},{"addr":"2408:8226:241:79f0:6c                 
                             62:5d33:1d52:5154/128"},{"addr":"2                 
                             408:8226:241:79f0:b952:cfc2:fbb0:7                 
                             54d/128"},{"addr":"fe80::29a0:59f:                 
                             bc8b:7105/64"},{"addr":"192.168.1.                 
                             10/24"}]},{"index":19,"mtu":1500,"                 
                             name":"蓝牙网络连接","hardwareAddr                 
                             ":"ac:f2:3c:08:2f:d4","flags":["br                 
                             oadcast","multicast"],"addrs":[{"a                 
                             ddr":"fe80::7c17:221f:abf3:523b/64                 
                             "},{"addr":"169.254.34.95/16"}]},{                 
                             "index":20,"mtu":1500,"name":"以太                 
                             网","hardwareAddr":"c8:53:09:e1:68                 
                             :c3","flags":["broadcast","multica                 
                             st"],"addrs":[{"addr":"fe80::e59b:                 
                             85b5:552a:aea7/64"},{"addr":"169.2                 
                             54.229.102/16"}]},{"index":1,"mtu"                 
                             :-1,"name":"Loopback                               
                             Pseudo-Interface                                   
                             1","hardwareAddr":"","flags":["up"                 
                             ,"loopback","multicast"],"addrs":[                 
                             {"addr":"::1/128"},{"addr":"127.0.                 
                             0.1/8"}]}],"io_disk":{"C:":{"readC                 
                             ount":1315576,"mergedReadCount":0,                 
                             "writeCount":1736220,"mergedWriteC                 
                             ount":0,"readBytes":66845883392,"w                 
                             riteBytes":57274699264,"readTime":                 
                             724,"writeTime":1192,"iopsInProgre                 
                             ss":0,"ioTime":0,"weightedIO":0,"n                 
                             ame":"C:","serialNumber":"","label                 
                             ":""},"D:":{"readCount":125729,"me                 
                             rgedReadCount":0,"writeCount":5207                 
                             3,"mergedWriteCount":0,"readBytes"                 
                             :9010889728,"writeBytes":289310720                 
                             0,"readTime":124,"writeTime":23,"i                 
                             opsInProgress":0,"ioTime":0,"weigh                 
                             tedIO":0,"name":"D:","serialNumber                 
                             ":"","label":""},"E:":{"readCount"                 
                             :44365,"mergedReadCount":0,"writeC                 
                             ount":7138,"mergedWriteCount":0,"r                 
                             eadBytes":2851256320,"writeBytes":                 
                             279150592,"readTime":32,"writeTime                 
                             ":3,"iopsInProgress":0,"ioTime":0,                 
                             "weightedIO":0,"name":"E:","serial                 
                             Number":"","label":""}},"io_networ                 
                             k":[{"name":"WLAN                                  
                             2","bytesSent":0,"bytesRecv":0,"pa                 
                             cketsSent":0,"packetsRecv":0,"erri                 
                             n":0,"errout":0,"dropin":0,"dropou                 
                             t":0,"fifoin":0,"fifoout":0},{"nam                 
                             e":"WLAN                                           
                             5","bytesSent":0,"bytesRecv":0,"pa                 
                             cketsSent":0,"packetsRecv":0,"erri                 
                             n":0,"errout":0,"dropin":0,"dropou                 
                             t":0,"fifoin":0,"fifoout":0},{"nam                 
                             e":"WLAN","bytesSent":317820524,"b                 
                             ytesRecv":4827860184,"packetsSent"                 
                             :1240356,"packetsRecv":2825416,"er                 
                             rin":0,"errout":0,"dropin":0,"drop                 
                             out":0,"fifoin":0,"fifoout":0},{"n                 
                             ame":"蓝牙网络连接","bytesSent":0,                 
                             "bytesRecv":0,"packetsSent":0,"pac                 
                             ketsRecv":0,"errin":0,"errout":0,"                 
                             dropin":0,"dropout":0,"fifoin":0,"                 
                             fifoout":0},{"name":"以太网","byte                 
                             sSent":0,"bytesRecv":0,"packetsSen                 
                             t":0,"packetsRecv":0,"errin":0,"er                 
                             rout":0,"dropin":0,"dropout":0,"fi                 
                             foin":0,"fifoout":0},{"name":"Loop                 
                             back Pseudo-Interface                              
                             1","bytesSent":0,"bytesRecv":0,"pa                 
                             cketsSent":0,"packetsRecv":0,"erri                 
                             n":0,"errout":0,"dropin":0,"dropou                 
                             t":0,"fifoin":0,"fifoout":0}],"mem                 
                             ory":{"total":33605316608,"availab                 
                             le":15970177024,"used":17635139584                 
                             ,"usedPercent":52,"free":159701770                 
                             24,"active":0,"inactive":0,"wired"                 
                             :0,"laundry":0,"buffers":0,"cached                 
                             ":0,"writeBack":0,"dirty":0,"write                 
                             BackTmp":0,"shared":0,"slab":0,"sr                 
                             eclaimable":0,"sunreclaim":0,"page                 
                             Tables":0,"swapCached":0,"commitLi                 
                             mit":0,"committedAS":0,"highTotal"                 
                             :0,"highFree":0,"lowTotal":0,"lowF                 
                             ree":0,"swapTotal":0,"swapFree":0,                 
                             "mapped":0,"vmallocTotal":0,"vmall                 
                             ocUsed":0,"vmallocChunk":0,"hugePa                 
                             gesTotal":0,"hugePagesFree":0,"hug                 
                             ePagesRsvd":0,"hugePagesSurp":0,"h                 
                             ugePageSize":0,"anonHugePages":0},                 
                             "partition":[{"device":"C:","mount                 
                             point":"C:","fstype":"NTFS","opts"                 
                             :["rw","compress"]},{"device":"D:"                 
                             ,"mountpoint":"D:","fstype":"NTFS"                 
                             ,"opts":["rw","compress"]},{"devic                 
                             e":"E:","mountpoint":"E:","fstype"                 
                             :"NTFS","opts":["rw","compress"]}]                 
                             ,"processes":[{"pid":0},{"pid":4},                 
                             {"pid":428},{"pid":472},{"pid":636                 
                             },{"pid":1032},{"pid":1072},{"pid"                 
                             :1716},{"pid":1792},{"pid":1912},{                 
                             "pid":1988},{"pid":2008},{"pid":20                 
                             16},{"pid":2036},{"pid":2068},{"pi                 
                             d":2124},{"pid":2140},{"pid":2184}                 
                             ,{"pid":2204},{"pid":2220},{"pid":                 
                             2292},{"pid":2344},{"pid":2500},{"                 
                             pid":2540},{"pid":2636},{"pid":266                 
                             0},{"pid":2664},{"pid":2672},{"pid                 
                             ":2680},{"pid":2688},{"pid":2740},                 
                             {"pid":2792},{"pid":2800},{"pid":2                 
                             808},{"pid":2816},{"pid":2824},{"p                 
                             id":2832},{"pid":2844},{"pid":2864                 
                             },{"pid":2980},{"pid":3052},{"pid"                 
                             :3112},{"pid":3168},{"pid":3192},{                 
                             "pid":3228},{"pid":3236},{"pid":34                 
                             12},{"pid":3456},{"pid":3516},{"pi                 
                             d":3604},{"pid":3692},{"pid":3704}                 
                             ,{"pid":3728},{"pid":3736},{"pid":                 
                             3888},{"pid":3924},{"pid":3928},{"                 
                             pid":4152},{"pid":4160},{"pid":416                 
                             8},{"pid":4184},{"pid":4204},{"pid                 
                             ":4232},{"pid":4236},{"pid":4368},                 
                             {"pid":4376},{"pid":4384},{"pid":4                 
                             420},{"pid":4476},{"pid":4572},{"p                 
                             id":4580},{"pid":4652},{"pid":4720                 
                             },{"pid":4736},{"pid":4784},{"pid"                 
                             :4800},{"pid":5092},{"pid":5124},{                 
                             "pid":5148},{"pid":5192},{"pid":52                 
                             32},{"pid":5360},{"pid":5516},{"pi                 
                             d":5544},{"pid":5740},{"pid":5748}                 
                             ,{"pid":5764},{"pid":5784},{"pid":                 
                             5828},{"pid":5860},{"pid":6068},{"                 
                             pid":6216},{"pid":6248},{"pid":632                 
                             0},{"pid":6384},{"pid":6428},{"pid                 
                             ":6468},{"pid":6580},{"pid":6608},                 
                             {"pid":6620},{"pid":6632},{"pid":6                 
                             664},{"pid":6716},{"pid":6744},{"p                 
                             id":6868},{"pid":6876},{"pid":6916                 
                             },{"pid":6924},{"pid":6952},{"pid"                 
                             :6996},{"pid":7004},{"pid":7028},{                 
                             "pid":7036},{"pid":7048},{"pid":70                 
                             56},{"pid":7068},{"pid":7076},{"pi                 
                             d":7092},{"pid":7100},{"pid":7120}                 
                             ,{"pid":7136},{"pid":7140},{"pid":                 
                             7148},{"pid":7164},{"pid":7208},{"                 
                             pid":7224},{"pid":7280},{"pid":732                 
                             4},{"pid":7340},{"pid":7364},{"pid                 
                             ":7384},{"pid":7404},{"pid":7408},                 
                             {"pid":7436},{"pid":7448},{"pid":7                 
                             532},{"pid":7564},{"pid":7648},{"p                 
                             id":7712},{"pid":7776},{"pid":7828                 
                             },{"pid":7944},{"pid":8396},{"pid"                 
                             :8488},{"pid":8824},{"pid":9176},{                 
                             "pid":9240},{"pid":9248},{"pid":92                 
                             76},{"pid":9292},{"pid":9392},{"pi                 
                             d":9532},{"pid":9616},{"pid":9636}                 
                             ,{"pid":9984},{"pid":10044},{"pid"                 
                             :10132},{"pid":10180},{"pid":10244                 
                             },{"pid":10712},{"pid":10956},{"pi                 
                             d":11096},{"pid":11116},{"pid":111                 
                             68},{"pid":11292},{"pid":11492},{"                 
                             pid":11532},{"pid":11920},{"pid":1                 
                             2616},{"pid":12660},{"pid":12716},                 
                             {"pid":12896},{"pid":12904},{"pid"                 
                             :13008},{"pid":13248},{"pid":13360                 
                             },{"pid":13572},{"pid":13640},{"pi                 
                             d":13776},{"pid":13868},{"pid":139                 
                             68},{"pid":14108},{"pid":14368},{"                 
                             pid":14552},{"pid":14832},{"pid":1                 
                             4864},{"pid":15088},{"pid":15216},                 
                             {"pid":15444},{"pid":15496},{"pid"                 
                             :15612},{"pid":15676},{"pid":15720                 
                             },{"pid":15736},{"pid":15780},{"pi                 
                             d":15880},{"pid":16428},{"pid":166                 
                             04},{"pid":16676},{"pid":16744},{"                 
                             pid":16760},{"pid":17088},{"pid":1                 
                             7124},{"pid":17496},{"pid":18032},                 
                             {"pid":18120},{"pid":18304},{"pid"                 
                             :18512},{"pid":18644},{"pid":18684                 
                             },{"pid":18808},{"pid":19068},{"pi                 
                             d":19104},{"pid":19128},{"pid":192                 
                             96},{"pid":19460},{"pid":19476},{"                 
                             pid":19836},{"pid":19876},{"pid":1                 
                             9980},{"pid":19996},{"pid":20068},                 
                             {"pid":20644},{"pid":20704},{"pid"                 
                             :20792},{"pid":20844},{"pid":20876                 
                             },{"pid":20896},{"pid":21008},{"pi                 
                             d":21100},{"pid":21164},{"pid":214                 
                             72},{"pid":21616},{"pid":21644},{"                 
                             pid":21664},{"pid":22172},{"pid":2                 
                             2176},{"pid":22220},{"pid":22560},                 
                             {"pid":22592},{"pid":22772},{"pid"                 
                             :22800},{"pid":23260},{"pid":23376                 
                             },{"pid":23572},{"pid":23628},{"pi                 
                             d":23824},{"pid":23948},{"pid":239                 
                             88},{"pid":23996},{"pid":24036},{"                 
                             pid":24040},{"pid":24148},{"pid":2                 
                             4368},{"pid":24404},{"pid":24532},                 
                             {"pid":24588},{"pid":24800},{"pid"                 
                             :24808},{"pid":25268},{"pid":25560                 
                             },{"pid":25664},{"pid":25704},{"pi                 
                             d":25792},{"pid":25876},{"pid":259                 
                             12},{"pid":25972},{"pid":26048},{"                 
                             pid":26052},{"pid":26204},{"pid":2                 
                             6516},{"pid":26860},{"pid":27016},                 
                             {"pid":27216},{"pid":27292},{"pid"                 
                             :28068},{"pid":28180},{"pid":28224                 
                             },{"pid":28336},{"pid":28852},{"pi                 
                             d":29028},{"pid":29208},{"pid":297                 
                             72},{"pid":29844},{"pid":30168},{"                 
                             pid":30464},{"pid":30848},{"pid":3                 
                             0864},{"pid":31028},{"pid":31520},                 
                             {"pid":31720},{"pid":32004},{"pid"                 
                             :32032},{"pid":32296},{"pid":32428                 
                             },{"pid":32692},{"pid":32696},{"pi                 
                             d":32700},{"pid":32724},{"pid":328                 
                             20},{"pid":32844},{"pid":33108},{"                 
                             pid":33128},{"pid":33244},{"pid":3                 
                             3600},{"pid":34088},{"pid":34228},                 
                             {"pid":34244},{"pid":34248},{"pid"                 
                             :34256},{"pid":34320},{"pid":34448                 
                             },{"pid":34476},{"pid":34488},{"pi                 
                             d":34560},{"pid":34688},{"pid":347                 
                             40},{"pid":34880},{"pid":34904},{"                 
                             pid":35072},{"pid":35252},{"pid":3                 
                             6000},{"pid":36060},{"pid":36272},                 
                             {"pid":36356},{"pid":36408},{"pid"                 
                             :36444},{"pid":36912},{"pid":37056                 
                             },{"pid":37408},{"pid":37416},{"pi                 
                             d":37520},{"pid":37652},{"pid":381                 
                             80},{"pid":38224},{"pid":38280},{"                 
                             pid":38560},{"pid":38700},{"pid":3                 
                             8724},{"pid":39032},{"pid":39044},                 
                             {"pid":39096},{"pid":39344},{"pid"                 
                             :39428},{"pid":39452},{"pid":39548                 
                             },{"pid":39596},{"pid":39676},{"pi                 
                             d":39772},{"pid":39868},{"pid":401                 
                             92},{"pid":40328},{"pid":40376},{"                 
                             pid":40432},{"pid":40444},{"pid":4                 
                             0516},{"pid":40568},{"pid":40680},                 
                             {"pid":40868},{"pid":41024},{"pid"                 
                             :41096},{"pid":41176},{"pid":41380                 
                             },{"pid":41400},{"pid":41464},{"pi                 
                             d":41804},{"pid":42064},{"pid":421                 
                             16},{"pid":42128},{"pid":42392},{"                 
                             pid":42408},{"pid":42496},{"pid":4                 
                             2632},{"pid":42700},{"pid":42716},                 
                             {"pid":42736},{"pid":42868},{"pid"                 
                             :43056},{"pid":43244},{"pid":43596                 
                             },{"pid":43660},{"pid":43720},{"pi                 
                             d":43744},{"pid":43780},{"pid":439                 
                             76},{"pid":44012},{"pid":44024},{"                 
                             pid":44276},{"pid":44808},{"pid":4                 
                             4864},{"pid":44928},{"pid":44940},                 
                             {"pid":44960},{"pid":44988},{"pid"                 
                             :45084},{"pid":45120},{"pid":45220                 
                             },{"pid":45372},{"pid":45544},{"pi                 
                             d":45584},{"pid":45664},{"pid":457                 
                             72},{"pid":45824},{"pid":46008},{"                 
                             pid":46124},{"pid":46224},{"pid":4                 
                             6232},{"pid":46264},{"pid":46316},                 
                             {"pid":46508},{"pid":46524},{"pid"                 
                             :46640},{"pid":46688},{"pid":46780                 
                             },{"pid":47028},{"pid":47056},{"pi                 
                             d":47120},{"pid":47348},{"pid":474                 
                             80},{"pid":48500},{"pid":48692},{"                 
                             pid":48772},{"pid":48828},{"pid":4                 
                             8976},{"pid":49024},{"pid":49068},                 
                             {"pid":49124},{"pid":49412},{"pid"                 
                             :49440},{"pid":49628},{"pid":49912                 
                             },{"pid":49924},{"pid":50268},{"pi                 
                             d":50608},{"pid":50632},{"pid":509                 
                             24},{"pid":50988},{"pid":52160},{"                 
                             pid":52336},{"pid":52544},{"pid":5                 
                             3352},{"pid":53468},{"pid":53536},                 
                             {"pid":54040}],"swap_memory":{"tot                 
                             al":35752800256,"used":35046825984                 
                             ,"free":705974272,"usedPercent":98                 
                             .02540145961987,"sin":0,"sout":0,"                 
                             pgIn":0,"pgOut":0,"pgFault":0,"pgM                 
                             ajFault":0}}                                       
                                                                                
[2026-01-01 09:18:06 -0500] [322995] [INFO] 127.0.0.1:54384 POST /fuck/function 1.1 200 12657 2689858
[2026-01-01 09:18:06 -0500] [323085] [INFO] 127.0.0.1:37922 POST /fuck/requests_to_function 1.1 200 12657 2728452
[01/01/26 09:18:44] INFO     2026-01-01 09:18:44,784 - INFO -  server_api.py:182
                             Received function request                          
                    INFO     2026-01-01 09:18:44,789 - INFO -  server_api.py:137
                             Performing security verification                   
                    INFO     2026-01-01 09:18:44,798 - INFO -  server_api.py:143
                             Verification passed                                
                    WARNING  2026-01-01 09:18:44,803 - WARNING server_api.py:192
                             - Function name not provided                       
[2026-01-01 09:18:44 -0500] [322995] [INFO] 127.0.0.1:45250 POST /fuck/function 1.1 400 39 24344
                    INFO     2026-01-01 09:18:44,815 - INFO -  server_api.py:182
                             Received function request                          
                    INFO     2026-01-01 09:18:44,819 - INFO -  server_api.py:137
                             Performing security verification                   
                    INFO     2026-01-01 09:18:44,828 - INFO -  server_api.py:143
                             Verification passed                                
                    INFO     2026-01-01 09:18:44,833 - INFO -  server_api.py:196
                             Requested function：command                        
                    INFO     2026-01-01 09:18:44,838 - INFO -   server_api.py:44
                             Server initialization                              
                    INFO     2026-01-01 09:18:44,842 - INFO -  server_api.py:213
                             Target                                             
                             device：686f484a-1e42-4a8a-b147-0                  
                             b33f0ebfdbf                                        
                    INFO     2026-01-01 09:18:44,846 - INFO -   server_api.py:51
                             Getting client list                                
                    INFO     2026-01-01 09:18:44,851 - INFO -   server_api.py:63
                             Device list：[{'id':                               
                             '686f484a-1e42-4a8a-b147-0b33f0ebf                 
                             dbf', 'ip': '192.168.1.10:55955',                  
                             'systeminfo': 'windows                             
                             LAPTOP-CGJ3M523 10.0.26100.3624                    
                             Build 26100.3624 10.0.26100.3624                   
                             Build 26100.3624 x86_64 AMD Ryzen                  
                             9 8945HX with Radeon Graphics                      
                             '}, {'id':                                         
                             '90910a9c-5f9f-42a7-962c-4f42cf668                 
                             461', 'ip': '192.168.1.10:55956',                  
                             'systeminfo': 'windows                             
                             LAPTOP-CGJ3M523 10.0.26100.3624                    
                             Build 26100.3624 10.0.26100.3624                   
                             Build 26100.3624 x86_64 AMD Ryzen                  
                             9 8945HX with Radeon Graphics                      
                             '}]                                                
                    INFO     2026-01-01 09:18:44,859 - INFO -   server_api.py:87
                             Initializing client                                
                             controller：686f484a-1e42-4a8a-b14                 
                             7-0b33f0ebfdbf                                     
                    INFO     2026-01-01 09:18:44,864 - INFO -  server_api.py:103
                             Executing command：fsutil file                     
                             createnew C:\1.txt 160000000000                    
[01/01/26 09:18:45] INFO     2026-01-01 09:18:45,709 - INFO -  server_api.py:107
                             Command                                            
                             result：{"command":"fsutil file                    
                             createnew C:\\1.txt                                
                             160000000000","error":"exit                        
                             status                                             
                             1","output":"\ufffd\ufffd\ufffd\u                  
                             fffd 5:                                            
                             \ufffdܾ\ufffd\ufffd\ufffd\ufffdʡ\u                  
                             fffd\r\n","status":1}                              
                                                                                
[2026-01-01 09:18:45 -0500] [322995] [INFO] 127.0.0.1:45264 POST /fuck/function 1.1 200 230 903886
[2026-01-01 09:18:45 -0500] [323085] [INFO] 127.0.0.1:44494 POST /fuck/requests_to_function 1.1 200 230 942427
[01/01/26 09:18:50] INFO     2026-01-01 09:18:50,669 - INFO -  server_api.py:182
                             Received function request                          
                    INFO     2026-01-01 09:18:50,674 - INFO -  server_api.py:137
                             Performing security verification                   
                    INFO     2026-01-01 09:18:50,683 - INFO -  server_api.py:143
                             Verification passed                                
                    WARNING  2026-01-01 09:18:50,687 - WARNING server_api.py:192
                             - Function name not provided                       
[2026-01-01 09:18:50 -0500] [322995] [INFO] 127.0.0.1:53730 POST /fuck/function 1.1 400 39 24382
                    INFO     2026-01-01 09:18:50,701 - INFO -  server_api.py:182
                             Received function request                          
                    INFO     2026-01-01 09:18:50,705 - INFO -  server_api.py:137
                             Performing security verification                   
                    INFO     2026-01-01 09:18:50,714 - INFO -  server_api.py:143
                             Verification passed                                
                    INFO     2026-01-01 09:18:50,719 - INFO -  server_api.py:196
                             Requested function：systeminfo                     
                    INFO     2026-01-01 09:18:50,723 - INFO -   server_api.py:44
                             Server initialization                              
                    INFO     2026-01-01 09:18:50,727 - INFO -  server_api.py:213
                             Target                                             
                             device：686f484a-1e42-4a8a-b147-0                  
                             b33f0ebfdbf                                        
                    INFO     2026-01-01 09:18:50,732 - INFO -   server_api.py:51
                             Getting client list                                
                    INFO     2026-01-01 09:18:50,736 - INFO -   server_api.py:63
                             Device list：[{'id':                               
                             '686f484a-1e42-4a8a-b147-0b33f0ebf                 
                             dbf', 'ip': '192.168.1.10:55955',                  
                             'systeminfo': 'windows                             
                             LAPTOP-CGJ3M523 10.0.26100.3624                    
                             Build 26100.3624 10.0.26100.3624                   
                             Build 26100.3624 x86_64 AMD Ryzen                  
                             9 8945HX with Radeon Graphics                      
                             '}, {'id':                                         
                             '90910a9c-5f9f-42a7-962c-4f42cf668                 
                             461', 'ip': '192.168.1.10:55956',                  
                             'systeminfo': 'windows                             
                             LAPTOP-CGJ3M523 10.0.26100.3624                    
                             Build 26100.3624 10.0.26100.3624                   
                             Build 26100.3624 x86_64 AMD Ryzen                  
                             9 8945HX with Radeon Graphics                      
                             '}]                                                
                    INFO     2026-01-01 09:18:50,744 - INFO -   server_api.py:87
                             Initializing client                                
                             controller：686f484a-1e42-4a8a-b14                 
                             7-0b33f0ebfdbf                                     
                    INFO     2026-01-01 09:18:50,749 - INFO -   server_api.py:92
                             Getting device system information                  
                    INFO     2026-01-01 09:18:50,869 - INFO -   server_api.py:96
                             System                                             
                             information：{"cpu":[{"cpu":0,"ven                 
                             dorId":"AuthenticAMD","family":"10                 
                             7","model":"","stepping":0,"physic                 
                             alId":"178BFBFF00A60F12","coreId":                 
                             "","cores":32,"modelName":"AMD                     
                             Ryzen 9 8945HX with Radeon                         
                             Graphics                                           
                             ","mhz":2501,"cacheSize":0,"flags"                 
                             :[],"microcode":""}],"disk_usage":                 
                             {"path":"C:","fstype":"","total":4                 
                             29497774080,"free":163769069568,"u                 
                             sed":265728704512,"usedPercent":61                 
                             .869634849959496,"inodesTotal":0,"                 
                             inodesUsed":0,"inodesFree":0,"inod                 
                             esUsedPercent":0},"host":{"hostnam                 
                             e":"LAPTOP-CGJ3M523","uptime":3772                 
                             35,"bootTime":1766899895,"procs":4                 
                             42,"os":"windows","platform":"Micr                 
                             osoft Windows 11 Home                              
                             China","platformFamily":"Standalon                 
                             e                                                  
                             Workstation","platformVersion":"10                 
                             .0.26100.3624 Build                                
                             26100.3624","kernelVersion":"10.0.                 
                             26100.3624 Build                                   
                             26100.3624","kernelArch":"x86_64",                 
                             "virtualizationSystem":"","virtual                 
                             izationRole":"","hostId":"53d2bd44                 
                             -d228-4e82-966b-f0370c23a148"},"in                 
                             terfaces":[{"index":7,"mtu":1500,"                 
                             name":"WLAN                                        
                             2","hardwareAddr":"ae:f2:3c:08:0f:                 
                             f3","flags":["broadcast","multicas                 
                             t"],"addrs":[{"addr":"fe80::e586:b                 
                             1f7:3f64:e579/64"},{"addr":"169.25                 
                             4.122.219/16"}]},{"index":9,"mtu":                 
                             1500,"name":"WLAN                                  
                             5","hardwareAddr":"ae:f2:3c:08:1f:                 
                             e3","flags":["broadcast","multicas                 
                             t"],"addrs":[{"addr":"fe80::8b78:7                 
                             fb9:6eea:b008/64"},{"addr":"169.25                 
                             4.194.5/16"}]},{"index":17,"mtu":1                 
                             492,"name":"WLAN","hardwareAddr":"                 
                             ac:f2:3c:08:2f:d3","flags":["up","                 
                             broadcast","multicast"],"addrs":[{                 
                             "addr":"2408:8226:241:79f0:e220:d1                 
                             f7:290a:493a/64"},{"addr":"2408:82                 
                             26:241:79f0:5077:57f0:4438:52d7/12                 
                             8"},{"addr":"2408:8226:241:79f0:6c                 
                             62:5d33:1d52:5154/128"},{"addr":"2                 
                             408:8226:241:79f0:b952:cfc2:fbb0:7                 
                             54d/128"},{"addr":"fe80::29a0:59f:                 
                             bc8b:7105/64"},{"addr":"192.168.1.                 
                             10/24"}]},{"index":19,"mtu":1500,"                 
                             name":"蓝牙网络连接","hardwareAddr                 
                             ":"ac:f2:3c:08:2f:d4","flags":["br                 
                             oadcast","multicast"],"addrs":[{"a                 
                             ddr":"fe80::7c17:221f:abf3:523b/64                 
                             "},{"addr":"169.254.34.95/16"}]},{                 
                             "index":20,"mtu":1500,"name":"以太                 
                             网","hardwareAddr":"c8:53:09:e1:68                 
                             :c3","flags":["broadcast","multica                 
                             st"],"addrs":[{"addr":"fe80::e59b:                 
                             85b5:552a:aea7/64"},{"addr":"169.2                 
                             54.229.102/16"}]},{"index":1,"mtu"                 
                             :-1,"name":"Loopback                               
                             Pseudo-Interface                                   
                             1","hardwareAddr":"","flags":["up"                 
                             ,"loopback","multicast"],"addrs":[                 
                             {"addr":"::1/128"},{"addr":"127.0.                 
                             0.1/8"}]}],"io_disk":{"C:":{"readC                 
                             ount":1315588,"mergedReadCount":0,                 
                             "writeCount":1737536,"mergedWriteC                 
                             ount":0,"readBytes":66846357504,"w                 
                             riteBytes":57292570112,"readTime":                 
                             724,"writeTime":1192,"iopsInProgre                 
                             ss":0,"ioTime":0,"weightedIO":0,"n                 
                             ame":"C:","serialNumber":"","label                 
                             ":""},"D:":{"readCount":125729,"me                 
                             rgedReadCount":0,"writeCount":5207                 
                             3,"mergedWriteCount":0,"readBytes"                 
                             :9010889728,"writeBytes":289310720                 
                             0,"readTime":124,"writeTime":23,"i                 
                             opsInProgress":0,"ioTime":0,"weigh                 
                             tedIO":0,"name":"D:","serialNumber                 
                             ":"","label":""},"E:":{"readCount"                 
                             :44365,"mergedReadCount":0,"writeC                 
                             ount":7138,"mergedWriteCount":0,"r                 
                             eadBytes":2851256320,"writeBytes":                 
                             279150592,"readTime":32,"writeTime                 
                             ":3,"iopsInProgress":0,"ioTime":0,                 
                             "weightedIO":0,"name":"E:","serial                 
                             Number":"","label":""}},"io_networ                 
                             k":[{"name":"WLAN                                  
                             2","bytesSent":0,"bytesRecv":0,"pa                 
                             cketsSent":0,"packetsRecv":0,"erri                 
                             n":0,"errout":0,"dropin":0,"dropou                 
                             t":0,"fifoin":0,"fifoout":0},{"nam                 
                             e":"WLAN                                           
                             5","bytesSent":0,"bytesRecv":0,"pa                 
                             cketsSent":0,"packetsRecv":0,"erri                 
                             n":0,"errout":0,"dropin":0,"dropou                 
                             t":0,"fifoin":0,"fifoout":0},{"nam                 
                             e":"WLAN","bytesSent":317874826,"b                 
                             ytesRecv":4827900690,"packetsSent"                 
                             :1240529,"packetsRecv":2825582,"er                 
                             rin":0,"errout":0,"dropin":0,"drop                 
                             out":0,"fifoin":0,"fifoout":0},{"n                 
                             ame":"蓝牙网络连接","bytesSent":0,                 
                             "bytesRecv":0,"packetsSent":0,"pac                 
                             ketsRecv":0,"errin":0,"errout":0,"                 
                             dropin":0,"dropout":0,"fifoin":0,"                 
                             fifoout":0},{"name":"以太网","byte                 
                             sSent":0,"bytesRecv":0,"packetsSen                 
                             t":0,"packetsRecv":0,"errin":0,"er                 
                             rout":0,"dropin":0,"dropout":0,"fi                 
                             foin":0,"fifoout":0},{"name":"Loop                 
                             back Pseudo-Interface                              
                             1","bytesSent":0,"bytesRecv":0,"pa                 
                             cketsSent":0,"packetsRecv":0,"erri                 
                             n":0,"errout":0,"dropin":0,"dropou                 
                             t":0,"fifoin":0,"fifoout":0}],"mem                 
                             ory":{"total":33605316608,"availab                 
                             le":15982178304,"used":17623138304                 
                             ,"usedPercent":52,"free":159821783                 
                             04,"active":0,"inactive":0,"wired"                 
                             :0,"laundry":0,"buffers":0,"cached                 
                             ":0,"writeBack":0,"dirty":0,"write                 
                             BackTmp":0,"shared":0,"slab":0,"sr                 
                             eclaimable":0,"sunreclaim":0,"page                 
                             Tables":0,"swapCached":0,"commitLi                 
                             mit":0,"committedAS":0,"highTotal"                 
                             :0,"highFree":0,"lowTotal":0,"lowF                 
                             ree":0,"swapTotal":0,"swapFree":0,                 
                             "mapped":0,"vmallocTotal":0,"vmall                 
                             ocUsed":0,"vmallocChunk":0,"hugePa                 
                             gesTotal":0,"hugePagesFree":0,"hug                 
                             ePagesRsvd":0,"hugePagesSurp":0,"h                 
                             ugePageSize":0,"anonHugePages":0},                 
                             "partition":[{"device":"C:","mount                 
                             point":"C:","fstype":"NTFS","opts"                 
                             :["rw","compress"]},{"device":"D:"                 
                             ,"mountpoint":"D:","fstype":"NTFS"                 
                             ,"opts":["rw","compress"]},{"devic                 
                             e":"E:","mountpoint":"E:","fstype"                 
                             :"NTFS","opts":["rw","compress"]}]                 
                             ,"processes":[{"pid":0},{"pid":4},                 
                             {"pid":428},{"pid":472},{"pid":636                 
                             },{"pid":1032},{"pid":1072},{"pid"                 
                             :1716},{"pid":1792},{"pid":1912},{                 
                             "pid":1988},{"pid":2008},{"pid":20                 
                             16},{"pid":2036},{"pid":2068},{"pi                 
                             d":2124},{"pid":2140},{"pid":2184}                 
                             ,{"pid":2204},{"pid":2220},{"pid":                 
                             2292},{"pid":2344},{"pid":2500},{"                 
                             pid":2540},{"pid":2636},{"pid":266                 
                             0},{"pid":2664},{"pid":2672},{"pid                 
                             ":2680},{"pid":2688},{"pid":2740},                 
                             {"pid":2792},{"pid":2800},{"pid":2                 
                             808},{"pid":2816},{"pid":2824},{"p                 
                             id":2832},{"pid":2844},{"pid":2864                 
                             },{"pid":2980},{"pid":3052},{"pid"                 
                             :3112},{"pid":3168},{"pid":3192},{                 
                             "pid":3228},{"pid":3236},{"pid":34                 
                             12},{"pid":3456},{"pid":3516},{"pi                 
                             d":3604},{"pid":3692},{"pid":3704}                 
                             ,{"pid":3728},{"pid":3736},{"pid":                 
                             3888},{"pid":3924},{"pid":3928},{"                 
                             pid":4152},{"pid":4160},{"pid":416                 
                             8},{"pid":4184},{"pid":4204},{"pid                 
                             ":4232},{"pid":4236},{"pid":4368},                 
                             {"pid":4376},{"pid":4384},{"pid":4                 
                             420},{"pid":4476},{"pid":4572},{"p                 
                             id":4580},{"pid":4652},{"pid":4720                 
                             },{"pid":4736},{"pid":4784},{"pid"                 
                             :4800},{"pid":5092},{"pid":5124},{                 
                             "pid":5148},{"pid":5192},{"pid":52                 
                             32},{"pid":5360},{"pid":5516},{"pi                 
                             d":5544},{"pid":5740},{"pid":5748}                 
                             ,{"pid":5764},{"pid":5784},{"pid":                 
                             5828},{"pid":5860},{"pid":6068},{"                 
                             pid":6216},{"pid":6248},{"pid":632                 
                             0},{"pid":6384},{"pid":6428},{"pid                 
                             ":6468},{"pid":6580},{"pid":6608},                 
                             {"pid":6620},{"pid":6632},{"pid":6                 
                             664},{"pid":6716},{"pid":6744},{"p                 
                             id":6868},{"pid":6876},{"pid":6916                 
                             },{"pid":6924},{"pid":6952},{"pid"                 
                             :6996},{"pid":7004},{"pid":7028},{                 
                             "pid":7036},{"pid":7048},{"pid":70                 
                             56},{"pid":7068},{"pid":7076},{"pi                 
                             d":7092},{"pid":7100},{"pid":7120}                 
                             ,{"pid":7136},{"pid":7140},{"pid":                 
                             7148},{"pid":7164},{"pid":7208},{"                 
                             pid":7224},{"pid":7280},{"pid":732                 
                             4},{"pid":7340},{"pid":7364},{"pid                 
                             ":7384},{"pid":7404},{"pid":7408},                 
                             {"pid":7436},{"pid":7448},{"pid":7                 
                             532},{"pid":7564},{"pid":7648},{"p                 
                             id":7712},{"pid":7776},{"pid":7828                 
                             },{"pid":7944},{"pid":8396},{"pid"                 
                             :8488},{"pid":8824},{"pid":9176},{                 
                             "pid":9240},{"pid":9248},{"pid":92                 
                             76},{"pid":9292},{"pid":9392},{"pi                 
                             d":9532},{"pid":9616},{"pid":9636}                 
                             ,{"pid":9984},{"pid":10044},{"pid"                 
                             :10132},{"pid":10180},{"pid":10244                 
                             },{"pid":10712},{"pid":10956},{"pi                 
                             d":11096},{"pid":11116},{"pid":111                 
                             68},{"pid":11292},{"pid":11492},{"                 
                             pid":11532},{"pid":11920},{"pid":1                 
                             2616},{"pid":12660},{"pid":12716},                 
                             {"pid":12896},{"pid":12904},{"pid"                 
                             :13008},{"pid":13248},{"pid":13360                 
                             },{"pid":13572},{"pid":13640},{"pi                 
                             d":13776},{"pid":13868},{"pid":139                 
                             68},{"pid":14108},{"pid":14368},{"                 
                             pid":14552},{"pid":14832},{"pid":1                 
                             4864},{"pid":15088},{"pid":15216},                 
                             {"pid":15444},{"pid":15496},{"pid"                 
                             :15612},{"pid":15676},{"pid":15720                 
                             },{"pid":15736},{"pid":15780},{"pi                 
                             d":15880},{"pid":16428},{"pid":166                 
                             04},{"pid":16676},{"pid":16744},{"                 
                             pid":16760},{"pid":17088},{"pid":1                 
                             7124},{"pid":17496},{"pid":18032},                 
                             {"pid":18120},{"pid":18304},{"pid"                 
                             :18512},{"pid":18644},{"pid":18684                 
                             },{"pid":18808},{"pid":19068},{"pi                 
                             d":19104},{"pid":19128},{"pid":192                 
                             96},{"pid":19460},{"pid":19476},{"                 
                             pid":19836},{"pid":19876},{"pid":1                 
                             9980},{"pid":19996},{"pid":20068},                 
                             {"pid":20644},{"pid":20704},{"pid"                 
                             :20792},{"pid":20844},{"pid":20876                 
                             },{"pid":20896},{"pid":21008},{"pi                 
                             d":21164},{"pid":21472},{"pid":216                 
                             16},{"pid":21644},{"pid":21664},{"                 
                             pid":22172},{"pid":22176},{"pid":2                 
                             2220},{"pid":22560},{"pid":22592},                 
                             {"pid":22772},{"pid":22800},{"pid"                 
                             :23260},{"pid":23376},{"pid":23572                 
                             },{"pid":23628},{"pid":23824},{"pi                 
                             d":23948},{"pid":23988},{"pid":239                 
                             96},{"pid":24036},{"pid":24040},{"                 
                             pid":24148},{"pid":24368},{"pid":2                 
                             4404},{"pid":24532},{"pid":24588},                 
                             {"pid":24800},{"pid":24808},{"pid"                 
                             :25268},{"pid":25560},{"pid":25664                 
                             },{"pid":25704},{"pid":25792},{"pi                 
                             d":25876},{"pid":25912},{"pid":259                 
                             72},{"pid":26048},{"pid":26052},{"                 
                             pid":26204},{"pid":26516},{"pid":2                 
                             6860},{"pid":27016},{"pid":27216},                 
                             {"pid":27292},{"pid":28068},{"pid"                 
                             :28180},{"pid":28224},{"pid":28336                 
                             },{"pid":28852},{"pid":29028},{"pi                 
                             d":29208},{"pid":29772},{"pid":298                 
                             44},{"pid":30168},{"pid":30376},{"                 
                             pid":30464},{"pid":30848},{"pid":3                 
                             0864},{"pid":31028},{"pid":31520},                 
                             {"pid":31720},{"pid":31768},{"pid"                 
                             :32004},{"pid":32032},{"pid":32296                 
                             },{"pid":32428},{"pid":32692},{"pi                 
                             d":32696},{"pid":32700},{"pid":327                 
                             24},{"pid":32820},{"pid":32844},{"                 
                             pid":33108},{"pid":33128},{"pid":3                 
                             3244},{"pid":33600},{"pid":34088},                 
                             {"pid":34228},{"pid":34244},{"pid"                 
                             :34248},{"pid":34256},{"pid":34320                 
                             },{"pid":34448},{"pid":34476},{"pi                 
                             d":34488},{"pid":34560},{"pid":346                 
                             88},{"pid":34740},{"pid":34880},{"                 
                             pid":34904},{"pid":35072},{"pid":3                 
                             5252},{"pid":36000},{"pid":36060},                 
                             {"pid":36272},{"pid":36356},{"pid"                 
                             :36408},{"pid":36444},{"pid":36912                 
                             },{"pid":37056},{"pid":37408},{"pi                 
                             d":37416},{"pid":37520},{"pid":376                 
                             52},{"pid":38180},{"pid":38224},{"                 
                             pid":38280},{"pid":38560},{"pid":3                 
                             8700},{"pid":38724},{"pid":39032},                 
                             {"pid":39044},{"pid":39096},{"pid"                 
                             :39344},{"pid":39428},{"pid":39452                 
                             },{"pid":39548},{"pid":39596},{"pi                 
                             d":39676},{"pid":39772},{"pid":398                 
                             68},{"pid":40192},{"pid":40328},{"                 
                             pid":40376},{"pid":40432},{"pid":4                 
                             0444},{"pid":40516},{"pid":40568},                 
                             {"pid":40680},{"pid":40868},{"pid"                 
                             :41024},{"pid":41096},{"pid":41176                 
                             },{"pid":41380},{"pid":41400},{"pi                 
                             d":41464},{"pid":41804},{"pid":420                 
                             64},{"pid":42116},{"pid":42128},{"                 
                             pid":42392},{"pid":42408},{"pid":4                 
                             2496},{"pid":42632},{"pid":42700},                 
                             {"pid":42716},{"pid":42736},{"pid"                 
                             :42868},{"pid":43056},{"pid":43244                 
                             },{"pid":43596},{"pid":43660},{"pi                 
                             d":43720},{"pid":43744},{"pid":437                 
                             80},{"pid":43976},{"pid":44012},{"                 
                             pid":44024},{"pid":44276},{"pid":4                 
                             4808},{"pid":44864},{"pid":44928},                 
                             {"pid":44940},{"pid":44960},{"pid"                 
                             :44988},{"pid":45084},{"pid":45120                 
                             },{"pid":45220},{"pid":45372},{"pi                 
                             d":45544},{"pid":45584},{"pid":456                 
                             64},{"pid":45772},{"pid":45824},{"                 
                             pid":46008},{"pid":46124},{"pid":4                 
                             6224},{"pid":46232},{"pid":46264},                 
                             {"pid":46316},{"pid":46508},{"pid"                 
                             :46524},{"pid":46640},{"pid":46688                 
                             },{"pid":46780},{"pid":47028},{"pi                 
                             d":47056},{"pid":47120},{"pid":473                 
                             48},{"pid":47480},{"pid":48500},{"                 
                             pid":48692},{"pid":48772},{"pid":4                 
                             8976},{"pid":49024},{"pid":49068},                 
                             {"pid":49124},{"pid":49412},{"pid"                 
                             :49440},{"pid":49628},{"pid":49912                 
                             },{"pid":49924},{"pid":50268},{"pi                 
                             d":50608},{"pid":50632},{"pid":509                 
                             24},{"pid":50988},{"pid":52160},{"                 
                             pid":52336},{"pid":53352},{"pid":5                 
                             3536},{"pid":54040}],"swap_memory"                 
                             :{"total":35752800256,"used":35029                 
                             057536,"free":723742720,"usedPerce                 
                             nt":97.97570339996363,"sin":0,"sou                 
                             t":0,"pgIn":0,"pgOut":0,"pgFault":                 
                             0,"pgMajFault":0}}                                 
                                                                                
[2026-01-01 09:18:51 -0500] [322995] [INFO] 127.0.0.1:53740 POST /fuck/function 1.1 200 12626 327872
[2026-01-01 09:18:51 -0500] [323085] [INFO] 127.0.0.1:44494 POST /fuck/requests_to_function 1.1 200 12626 367041
[01/01/26 09:18:54] INFO     2026-01-01 09:18:54,598 - INFO -  server_api.py:182
                             Received function request                          
                    INFO     2026-01-01 09:18:54,603 - INFO -  server_api.py:137
                             Performing security verification                   
                    INFO     2026-01-01 09:18:54,612 - INFO -  server_api.py:143
                             Verification passed                                
                    WARNING  2026-01-01 09:18:54,617 - WARNING server_api.py:192
                             - Function name not provided                       
[2026-01-01 09:18:54 -0500] [322995] [INFO] 127.0.0.1:53742 POST /fuck/function 1.1 400 39 25948
                    INFO     2026-01-01 09:18:54,631 - INFO -  server_api.py:182
                             Received function request                          
                    INFO     2026-01-01 09:18:54,636 - INFO -  server_api.py:137
                             Performing security verification                   
                    INFO     2026-01-01 09:18:54,645 - INFO -  server_api.py:143
                             Verification passed                                
                    INFO     2026-01-01 09:18:54,650 - INFO -  server_api.py:196
                             Requested function：systeminfo                     
                    INFO     2026-01-01 09:18:54,655 - INFO -   server_api.py:44
                             Server initialization                              
                    INFO     2026-01-01 09:18:54,659 - INFO -  server_api.py:213
                             Target                                             
                             device：686f484a-1e42-4a8a-b147-0                  
                             b33f0ebfdbf                                        
                    INFO     2026-01-01 09:18:54,664 - INFO -   server_api.py:51
                             Getting client list                                
                    INFO     2026-01-01 09:18:54,669 - INFO -   server_api.py:63
                             Device list：[{'id':                               
                             '686f484a-1e42-4a8a-b147-0b33f0ebf                 
                             dbf', 'ip': '192.168.1.10:55955',                  
                             'systeminfo': 'windows                             
                             LAPTOP-CGJ3M523 10.0.26100.3624                    
                             Build 26100.3624 10.0.26100.3624                   
                             Build 26100.3624 x86_64 AMD Ryzen                  
                             9 8945HX with Radeon Graphics                      
                             '}, {'id':                                         
                             '90910a9c-5f9f-42a7-962c-4f42cf668                 
                             461', 'ip': '192.168.1.10:55956',                  
                             'systeminfo': 'windows                             
                             LAPTOP-CGJ3M523 10.0.26100.3624                    
                             Build 26100.3624 10.0.26100.3624                   
                             Build 26100.3624 x86_64 AMD Ryzen                  
                             9 8945HX with Radeon Graphics                      
                             '}]                                                
                    INFO     2026-01-01 09:18:54,678 - INFO -   server_api.py:87
                             Initializing client                                
                             controller：686f484a-1e42-4a8a-b14                 
                             7-0b33f0ebfdbf                                     
                    INFO     2026-01-01 09:18:54,683 - INFO -   server_api.py:92
                             Getting device system information                  
                    INFO     2026-01-01 09:18:54,810 - INFO -   server_api.py:96
                             System                                             
                             information：{"cpu":[{"cpu":0,"ven                 
                             dorId":"AuthenticAMD","family":"10                 
                             7","model":"","stepping":0,"physic                 
                             alId":"178BFBFF00A60F12","coreId":                 
                             "","cores":32,"modelName":"AMD                     
                             Ryzen 9 8945HX with Radeon                         
                             Graphics                                           
                             ","mhz":2501,"cacheSize":0,"flags"                 
                             :[],"microcode":""}],"disk_usage":                 
                             {"path":"C:","fstype":"","total":4                 
                             29497774080,"free":163769004032,"u                 
                             sed":265728770048,"usedPercent":61                 
                             .86965010871146,"inodesTotal":0,"i                 
                             nodesUsed":0,"inodesFree":0,"inode                 
                             sUsedPercent":0},"host":{"hostname                 
                             ":"LAPTOP-CGJ3M523","uptime":37723                 
                             9,"bootTime":1766899895,"procs":44                 
                             2,"os":"windows","platform":"Micro                 
                             soft Windows 11 Home                               
                             China","platformFamily":"Standalon                 
                             e                                                  
                             Workstation","platformVersion":"10                 
                             .0.26100.3624 Build                                
                             26100.3624","kernelVersion":"10.0.                 
                             26100.3624 Build                                   
                             26100.3624","kernelArch":"x86_64",                 
                             "virtualizationSystem":"","virtual                 
                             izationRole":"","hostId":"53d2bd44                 
                             -d228-4e82-966b-f0370c23a148"},"in                 
                             terfaces":[{"index":7,"mtu":1500,"                 
                             name":"WLAN                                        
                             2","hardwareAddr":"ae:f2:3c:08:0f:                 
                             f3","flags":["broadcast","multicas                 
                             t"],"addrs":[{"addr":"fe80::e586:b                 
                             1f7:3f64:e579/64"},{"addr":"169.25                 
                             4.122.219/16"}]},{"index":9,"mtu":                 
                             1500,"name":"WLAN                                  
                             5","hardwareAddr":"ae:f2:3c:08:1f:                 
                             e3","flags":["broadcast","multicas                 
                             t"],"addrs":[{"addr":"fe80::8b78:7                 
                             fb9:6eea:b008/64"},{"addr":"169.25                 
                             4.194.5/16"}]},{"index":17,"mtu":1                 
                             492,"name":"WLAN","hardwareAddr":"                 
                             ac:f2:3c:08:2f:d3","flags":["up","                 
                             broadcast","multicast"],"addrs":[{                 
                             "addr":"2408:8226:241:79f0:e220:d1                 
                             f7:290a:493a/64"},{"addr":"2408:82                 
                             26:241:79f0:5077:57f0:4438:52d7/12                 
                             8"},{"addr":"2408:8226:241:79f0:6c                 
                             62:5d33:1d52:5154/128"},{"addr":"2                 
                             408:8226:241:79f0:b952:cfc2:fbb0:7                 
                             54d/128"},{"addr":"fe80::29a0:59f:                 
                             bc8b:7105/64"},{"addr":"192.168.1.                 
                             10/24"}]},{"index":19,"mtu":1500,"                 
                             name":"蓝牙网络连接","hardwareAddr                 
                             ":"ac:f2:3c:08:2f:d4","flags":["br                 
                             oadcast","multicast"],"addrs":[{"a                 
                             ddr":"fe80::7c17:221f:abf3:523b/64                 
                             "},{"addr":"169.254.34.95/16"}]},{                 
                             "index":20,"mtu":1500,"name":"以太                 
                             网","hardwareAddr":"c8:53:09:e1:68                 
                             :c3","flags":["broadcast","multica                 
                             st"],"addrs":[{"addr":"fe80::e59b:                 
                             85b5:552a:aea7/64"},{"addr":"169.2                 
                             54.229.102/16"}]},{"index":1,"mtu"                 
                             :-1,"name":"Loopback                               
                             Pseudo-Interface                                   
                             1","hardwareAddr":"","flags":["up"                 
                             ,"loopback","multicast"],"addrs":[                 
                             {"addr":"::1/128"},{"addr":"127.0.                 
                             0.1/8"}]}],"io_disk":{"C:":{"readC                 
                             ount":1315589,"mergedReadCount":0,                 
                             "writeCount":1737687,"mergedWriteC                 
                             ount":0,"readBytes":66846358016,"w                 
                             riteBytes":57293889536,"readTime":                 
                             724,"writeTime":1192,"iopsInProgre                 
                             ss":0,"ioTime":0,"weightedIO":0,"n                 
                             ame":"C:","serialNumber":"","label                 
                             ":""},"D:":{"readCount":125729,"me                 
                             rgedReadCount":0,"writeCount":5207                 
                             6,"mergedWriteCount":0,"readBytes"                 
                             :9010889728,"writeBytes":289312358                 
                             4,"readTime":124,"writeTime":23,"i                 
                             opsInProgress":0,"ioTime":0,"weigh                 
                             tedIO":0,"name":"D:","serialNumber                 
                             ":"","label":""},"E:":{"readCount"                 
                             :44365,"mergedReadCount":0,"writeC                 
                             ount":7138,"mergedWriteCount":0,"r                 
                             eadBytes":2851256320,"writeBytes":                 
                             279150592,"readTime":32,"writeTime                 
                             ":3,"iopsInProgress":0,"ioTime":0,                 
                             "weightedIO":0,"name":"E:","serial                 
                             Number":"","label":""}},"io_networ                 
                             k":[{"name":"WLAN                                  
                             2","bytesSent":0,"bytesRecv":0,"pa                 
                             cketsSent":0,"packetsRecv":0,"erri                 
                             n":0,"errout":0,"dropin":0,"dropou                 
                             t":0,"fifoin":0,"fifoout":0},{"nam                 
                             e":"WLAN                                           
                             5","bytesSent":0,"bytesRecv":0,"pa                 
                             cketsSent":0,"packetsRecv":0,"erri                 
                             n":0,"errout":0,"dropin":0,"dropou                 
                             t":0,"fifoin":0,"fifoout":0},{"nam                 
                             e":"WLAN","bytesSent":317896387,"b                 
                             ytesRecv":4827912473,"packetsSent"                 
                             :1240580,"packetsRecv":2825633,"er                 
                             rin":0,"errout":0,"dropin":0,"drop                 
                             out":0,"fifoin":0,"fifoout":0},{"n                 
                             ame":"蓝牙网络连接","bytesSent":0,                 
                             "bytesRecv":0,"packetsSent":0,"pac                 
                             ketsRecv":0,"errin":0,"errout":0,"                 
                             dropin":0,"dropout":0,"fifoin":0,"                 
                             fifoout":0},{"name":"以太网","byte                 
                             sSent":0,"bytesRecv":0,"packetsSen                 
                             t":0,"packetsRecv":0,"errin":0,"er                 
                             rout":0,"dropin":0,"dropout":0,"fi                 
                             foin":0,"fifoout":0},{"name":"Loop                 
                             back Pseudo-Interface                              
                             1","bytesSent":0,"bytesRecv":0,"pa                 
                             cketsSent":0,"packetsRecv":0,"erri                 
                             n":0,"errout":0,"dropin":0,"dropou                 
                             t":0,"fifoin":0,"fifoout":0}],"mem                 
                             ory":{"total":33605316608,"availab                 
                             le":15866908672,"used":17738407936                 
                             ,"usedPercent":52,"free":158669086                 
                             72,"active":0,"inactive":0,"wired"                 
                             :0,"laundry":0,"buffers":0,"cached                 
                             ":0,"writeBack":0,"dirty":0,"write                 
                             BackTmp":0,"shared":0,"slab":0,"sr                 
                             eclaimable":0,"sunreclaim":0,"page                 
                             Tables":0,"swapCached":0,"commitLi                 
                             mit":0,"committedAS":0,"highTotal"                 
                             :0,"highFree":0,"lowTotal":0,"lowF                 
                             ree":0,"swapTotal":0,"swapFree":0,                 
                             "mapped":0,"vmallocTotal":0,"vmall                 
                             ocUsed":0,"vmallocChunk":0,"hugePa                 
                             gesTotal":0,"hugePagesFree":0,"hug                 
                             ePagesRsvd":0,"hugePagesSurp":0,"h                 
                             ugePageSize":0,"anonHugePages":0},                 
                             "partition":[{"device":"C:","mount                 
                             point":"C:","fstype":"NTFS","opts"                 
                             :["rw","compress"]},{"device":"D:"                 
                             ,"mountpoint":"D:","fstype":"NTFS"                 
                             ,"opts":["rw","compress"]},{"devic                 
                             e":"E:","mountpoint":"E:","fstype"                 
                             :"NTFS","opts":["rw","compress"]}]                 
                             ,"processes":[{"pid":0},{"pid":4},                 
                             {"pid":428},{"pid":472},{"pid":636                 
                             },{"pid":1032},{"pid":1072},{"pid"                 
                             :1716},{"pid":1792},{"pid":1912},{                 
                             "pid":1988},{"pid":2008},{"pid":20                 
                             16},{"pid":2036},{"pid":2068},{"pi                 
                             d":2124},{"pid":2140},{"pid":2184}                 
                             ,{"pid":2204},{"pid":2220},{"pid":                 
                             2292},{"pid":2344},{"pid":2500},{"                 
                             pid":2540},{"pid":2636},{"pid":266                 
                             0},{"pid":2664},{"pid":2672},{"pid                 
                             ":2680},{"pid":2688},{"pid":2740},                 
                             {"pid":2792},{"pid":2800},{"pid":2                 
                             808},{"pid":2816},{"pid":2824},{"p                 
                             id":2832},{"pid":2844},{"pid":2864                 
                             },{"pid":2980},{"pid":3052},{"pid"                 
                             :3112},{"pid":3168},{"pid":3192},{                 
                             "pid":3228},{"pid":3236},{"pid":34                 
                             12},{"pid":3456},{"pid":3516},{"pi                 
                             d":3604},{"pid":3692},{"pid":3704}                 
                             ,{"pid":3728},{"pid":3736},{"pid":                 
                             3888},{"pid":3924},{"pid":3928},{"                 
                             pid":4152},{"pid":4160},{"pid":416                 
                             8},{"pid":4184},{"pid":4204},{"pid                 
                             ":4232},{"pid":4236},{"pid":4368},                 
                             {"pid":4376},{"pid":4384},{"pid":4                 
                             420},{"pid":4476},{"pid":4572},{"p                 
                             id":4580},{"pid":4652},{"pid":4720                 
                             },{"pid":4736},{"pid":4784},{"pid"                 
                             :4800},{"pid":5092},{"pid":5124},{                 
                             "pid":5148},{"pid":5192},{"pid":52                 
                             32},{"pid":5360},{"pid":5516},{"pi                 
                             d":5544},{"pid":5740},{"pid":5748}                 
                             ,{"pid":5764},{"pid":5784},{"pid":                 
                             5828},{"pid":5860},{"pid":6068},{"                 
                             pid":6216},{"pid":6248},{"pid":632                 
                             0},{"pid":6384},{"pid":6428},{"pid                 
                             ":6468},{"pid":6580},{"pid":6608},                 
                             {"pid":6620},{"pid":6632},{"pid":6                 
                             664},{"pid":6716},{"pid":6744},{"p                 
                             id":6868},{"pid":6876},{"pid":6916                 
                             },{"pid":6924},{"pid":6952},{"pid"                 
                             :6996},{"pid":7004},{"pid":7028},{                 
                             "pid":7036},{"pid":7048},{"pid":70                 
                             56},{"pid":7068},{"pid":7076},{"pi                 
                             d":7092},{"pid":7100},{"pid":7120}                 
                             ,{"pid":7136},{"pid":7140},{"pid":                 
                             7148},{"pid":7164},{"pid":7208},{"                 
                             pid":7224},{"pid":7280},{"pid":732                 
                             4},{"pid":7340},{"pid":7364},{"pid                 
                             ":7384},{"pid":7404},{"pid":7408},                 
                             {"pid":7436},{"pid":7448},{"pid":7                 
                             532},{"pid":7564},{"pid":7648},{"p                 
                             id":7712},{"pid":7776},{"pid":7828                 
                             },{"pid":7944},{"pid":8396},{"pid"                 
                             :8488},{"pid":8824},{"pid":9176},{                 
                             "pid":9240},{"pid":9248},{"pid":92                 
                             76},{"pid":9292},{"pid":9392},{"pi                 
                             d":9532},{"pid":9616},{"pid":9636}                 
                             ,{"pid":9984},{"pid":10044},{"pid"                 
                             :10132},{"pid":10180},{"pid":10244                 
                             },{"pid":10712},{"pid":10956},{"pi                 
                             d":11096},{"pid":11116},{"pid":111                 
                             68},{"pid":11292},{"pid":11492},{"                 
                             pid":11532},{"pid":11920},{"pid":1                 
                             2616},{"pid":12660},{"pid":12716},                 
                             {"pid":12896},{"pid":12904},{"pid"                 
                             :13008},{"pid":13248},{"pid":13360                 
                             },{"pid":13572},{"pid":13640},{"pi                 
                             d":13776},{"pid":13868},{"pid":139                 
                             68},{"pid":14108},{"pid":14368},{"                 
                             pid":14552},{"pid":14832},{"pid":1                 
                             4864},{"pid":15088},{"pid":15216},                 
                             {"pid":15444},{"pid":15496},{"pid"                 
                             :15612},{"pid":15676},{"pid":15720                 
                             },{"pid":15736},{"pid":15780},{"pi                 
                             d":15880},{"pid":16428},{"pid":166                 
                             04},{"pid":16676},{"pid":16744},{"                 
                             pid":16760},{"pid":17088},{"pid":1                 
                             7124},{"pid":17496},{"pid":18032},                 
                             {"pid":18120},{"pid":18304},{"pid"                 
                             :18512},{"pid":18644},{"pid":18684                 
                             },{"pid":18808},{"pid":19068},{"pi                 
                             d":19104},{"pid":19128},{"pid":192                 
                             96},{"pid":19460},{"pid":19476},{"                 
                             pid":19836},{"pid":19876},{"pid":1                 
                             9980},{"pid":19996},{"pid":20068},                 
                             {"pid":20644},{"pid":20704},{"pid"                 
                             :20792},{"pid":20844},{"pid":20876                 
                             },{"pid":20896},{"pid":21008},{"pi                 
                             d":21164},{"pid":21472},{"pid":216                 
                             16},{"pid":21644},{"pid":21664},{"                 
                             pid":22172},{"pid":22176},{"pid":2                 
                             2220},{"pid":22560},{"pid":22592},                 
                             {"pid":22772},{"pid":22800},{"pid"                 
                             :23260},{"pid":23376},{"pid":23572                 
                             },{"pid":23628},{"pid":23824},{"pi                 
                             d":23948},{"pid":23988},{"pid":239                 
                             96},{"pid":24036},{"pid":24040},{"                 
                             pid":24148},{"pid":24368},{"pid":2                 
                             4404},{"pid":24532},{"pid":24588},                 
                             {"pid":24800},{"pid":24808},{"pid"                 
                             :25268},{"pid":25560},{"pid":25664                 
                             },{"pid":25704},{"pid":25792},{"pi                 
                             d":25876},{"pid":25912},{"pid":259                 
                             72},{"pid":26048},{"pid":26052},{"                 
                             pid":26204},{"pid":26516},{"pid":2                 
                             6860},{"pid":27016},{"pid":27216},                 
                             {"pid":27292},{"pid":28068},{"pid"                 
                             :28180},{"pid":28224},{"pid":28336                 
                             },{"pid":28852},{"pid":29028},{"pi                 
                             d":29208},{"pid":29772},{"pid":298                 
                             44},{"pid":30168},{"pid":30376},{"                 
                             pid":30464},{"pid":30848},{"pid":3                 
                             0864},{"pid":31028},{"pid":31520},                 
                             {"pid":31720},{"pid":31768},{"pid"                 
                             :32004},{"pid":32032},{"pid":32296                 
                             },{"pid":32428},{"pid":32692},{"pi                 
                             d":32696},{"pid":32700},{"pid":327                 
                             24},{"pid":32820},{"pid":32844},{"                 
                             pid":33108},{"pid":33128},{"pid":3                 
                             3244},{"pid":33600},{"pid":34088},                 
                             {"pid":34228},{"pid":34244},{"pid"                 
                             :34248},{"pid":34256},{"pid":34320                 
                             },{"pid":34448},{"pid":34476},{"pi                 
                             d":34488},{"pid":34560},{"pid":346                 
                             88},{"pid":34740},{"pid":34880},{"                 
                             pid":34904},{"pid":35072},{"pid":3                 
                             5252},{"pid":36000},{"pid":36060},                 
                             {"pid":36272},{"pid":36356},{"pid"                 
                             :36408},{"pid":36444},{"pid":36912                 
                             },{"pid":37056},{"pid":37408},{"pi                 
                             d":37416},{"pid":37520},{"pid":376                 
                             52},{"pid":38180},{"pid":38224},{"                 
                             pid":38280},{"pid":38560},{"pid":3                 
                             8700},{"pid":38724},{"pid":39032},                 
                             {"pid":39044},{"pid":39096},{"pid"                 
                             :39344},{"pid":39428},{"pid":39452                 
                             },{"pid":39548},{"pid":39596},{"pi                 
                             d":39676},{"pid":39772},{"pid":398                 
                             68},{"pid":40192},{"pid":40328},{"                 
                             pid":40376},{"pid":40432},{"pid":4                 
                             0444},{"pid":40516},{"pid":40568},                 
                             {"pid":40680},{"pid":40868},{"pid"                 
                             :41024},{"pid":41096},{"pid":41176                 
                             },{"pid":41380},{"pid":41400},{"pi                 
                             d":41464},{"pid":41804},{"pid":420                 
                             64},{"pid":42116},{"pid":42128},{"                 
                             pid":42392},{"pid":42408},{"pid":4                 
                             2496},{"pid":42632},{"pid":42700},                 
                             {"pid":42716},{"pid":42736},{"pid"                 
                             :42868},{"pid":43056},{"pid":43244                 
                             },{"pid":43596},{"pid":43660},{"pi                 
                             d":43720},{"pid":43744},{"pid":437                 
                             80},{"pid":43976},{"pid":44012},{"                 
                             pid":44024},{"pid":44276},{"pid":4                 
                             4808},{"pid":44864},{"pid":44928},                 
                             {"pid":44940},{"pid":44960},{"pid"                 
                             :44988},{"pid":45084},{"pid":45120                 
                             },{"pid":45220},{"pid":45372},{"pi                 
                             d":45544},{"pid":45584},{"pid":456                 
                             64},{"pid":45772},{"pid":45824},{"                 
                             pid":46008},{"pid":46124},{"pid":4                 
                             6224},{"pid":46232},{"pid":46264},                 
                             {"pid":46316},{"pid":46508},{"pid"                 
                             :46524},{"pid":46640},{"pid":46688                 
                             },{"pid":46780},{"pid":47028},{"pi                 
                             d":47056},{"pid":47120},{"pid":473                 
                             48},{"pid":47480},{"pid":48500},{"                 
                             pid":48692},{"pid":48772},{"pid":4                 
                             8976},{"pid":49024},{"pid":49068},                 
                             {"pid":49124},{"pid":49412},{"pid"                 
                             :49440},{"pid":49628},{"pid":49912                 
                             },{"pid":49924},{"pid":50268},{"pi                 
                             d":50608},{"pid":50632},{"pid":509                 
                             24},{"pid":50988},{"pid":52160},{"                 
                             pid":52336},{"pid":53352},{"pid":5                 
                             3536},{"pid":54040}],"swap_memory"                 
                             :{"total":35752800256,"used":35133                 
                             583360,"free":619216896,"usedPerce                 
                             nt":98.2680604272498,"sin":0,"sout                 
                             ":0,"pgIn":0,"pgOut":0,"pgFault":0                 
                             ,"pgMajFault":0}}                                  
                                                                                
[2026-01-01 09:18:54 -0500] [322995] [INFO] 127.0.0.1:53752 POST /fuck/function 1.1 200 12624 341427
[2026-01-01 09:18:54 -0500] [323085] [INFO] 127.0.0.1:44494 POST /fuck/requests_to_function 1.1 200 12624 382641
[01/01/26 09:19:10] INFO     2026-01-01 09:19:10,304 - INFO -  server_api.py:182
                             Received function request                          
                    INFO     2026-01-01 09:19:10,308 - INFO -  server_api.py:137
                             Performing security verification                   
                    INFO     2026-01-01 09:19:10,317 - INFO -  server_api.py:143
                             Verification passed                                
                    WARNING  2026-01-01 09:19:10,322 - WARNING server_api.py:192
                             - Function name not provided                       
[2026-01-01 09:19:10 -0500] [322995] [INFO] 127.0.0.1:37176 POST /fuck/function 1.1 400 39 23556
                    INFO     2026-01-01 09:19:10,333 - INFO -  server_api.py:182
                             Received function request                          
                    INFO     2026-01-01 09:19:10,338 - INFO -  server_api.py:137
                             Performing security verification                   
                    INFO     2026-01-01 09:19:10,346 - INFO -  server_api.py:143
                             Verification passed                                
                    INFO     2026-01-01 09:19:10,350 - INFO -  server_api.py:196
                             Requested function：command                        
                    INFO     2026-01-01 09:19:10,355 - INFO -   server_api.py:44
                             Server initialization                              
                    INFO     2026-01-01 09:19:10,359 - INFO -  server_api.py:213
                             Target                                             
                             device：686f484a-1e42-4a8a-b147-0                  
                             b33f0ebfdbf                                        
                    INFO     2026-01-01 09:19:10,363 - INFO -   server_api.py:51
                             Getting client list                                
                    INFO     2026-01-01 09:19:10,367 - INFO -   server_api.py:63
                             Device list：[{'id':                               
                             '686f484a-1e42-4a8a-b147-0b33f0ebf                 
                             dbf', 'ip': '192.168.1.10:55955',                  
                             'systeminfo': 'windows                             
                             LAPTOP-CGJ3M523 10.0.26100.3624                    
                             Build 26100.3624 10.0.26100.3624                   
                             Build 26100.3624 x86_64 AMD Ryzen                  
                             9 8945HX with Radeon Graphics                      
                             '}, {'id':                                         
                             '90910a9c-5f9f-42a7-962c-4f42cf668                 
                             461', 'ip': '192.168.1.10:55956',                  
                             'systeminfo': 'windows                             
                             LAPTOP-CGJ3M523 10.0.26100.3624                    
                             Build 26100.3624 10.0.26100.3624                   
                             Build 26100.3624 x86_64 AMD Ryzen                  
                             9 8945HX with Radeon Graphics                      
                             '}]                                                
                    INFO     2026-01-01 09:19:10,375 - INFO -   server_api.py:87
                             Initializing client                                
                             controller：686f484a-1e42-4a8a-b14                 
                             7-0b33f0ebfdbf                                     
                    INFO     2026-01-01 09:19:10,380 - INFO -  server_api.py:103
                             Executing command：fsutil file                     
                             createnew C:\1.txt 100000000000                    
[01/01/26 09:19:11] INFO     2026-01-01 09:19:11,210 - INFO -  server_api.py:107
                             Command                                            
                             result：{"command":"fsutil file                    
                             createnew C:\\1.txt                                
                             100000000000","error":"exit                        
                             status                                             
                             1","output":"\ufffd\ufffd\ufffd\u                  
                             fffd 5:                                            
                             \ufffdܾ\ufffd\ufffd\ufffd\ufffdʡ\u                  
                             fffd\r\n","status":1}                              
                                                                                
[2026-01-01 09:19:11 -0500] [322995] [INFO] 127.0.0.1:37178 POST /fuck/function 1.1 200 230 886742
[2026-01-01 09:19:11 -0500] [323085] [INFO] 127.0.0.1:50760 POST /fuck/requests_to_function 1.1 200 230 924403
[01/01/26 09:19:39] INFO     2026-01-01 09:19:39,503 - INFO -  server_api.py:182
                             Received function request                          
                    INFO     2026-01-01 09:19:39,508 - INFO -  server_api.py:137
                             Performing security verification                   
                    INFO     2026-01-01 09:19:39,516 - INFO -  server_api.py:143
                             Verification passed                                
                    WARNING  2026-01-01 09:19:39,521 - WARNING server_api.py:192
                             - Function name not provided                       
[2026-01-01 09:19:39 -0500] [322995] [INFO] 127.0.0.1:48572 POST /fuck/function 1.1 400 39 23993
                    INFO     2026-01-01 09:19:39,533 - INFO -  server_api.py:182
                             Received function request                          
                    INFO     2026-01-01 09:19:39,538 - INFO -  server_api.py:137
                             Performing security verification                   
                    INFO     2026-01-01 09:19:39,547 - INFO -  server_api.py:143
                             Verification passed                                
                    INFO     2026-01-01 09:19:39,551 - INFO -  server_api.py:196
                             Requested function：command                        
                    INFO     2026-01-01 09:19:39,555 - INFO -   server_api.py:44
                             Server initialization                              
                    INFO     2026-01-01 09:19:39,559 - INFO -  server_api.py:213
                             Target                                             
                             device：686f484a-1e42-4a8a-b147-0                  
                             b33f0ebfdbf                                        
                    INFO     2026-01-01 09:19:39,564 - INFO -   server_api.py:51
                             Getting client list                                
                    INFO     2026-01-01 09:19:39,568 - INFO -   server_api.py:63
                             Device list：[{'id':                               
                             '686f484a-1e42-4a8a-b147-0b33f0ebf                 
                             dbf', 'ip': '192.168.1.10:55955',                  
                             'systeminfo': 'windows                             
                             LAPTOP-CGJ3M523 10.0.26100.3624                    
                             Build 26100.3624 10.0.26100.3624                   
                             Build 26100.3624 x86_64 AMD Ryzen                  
                             9 8945HX with Radeon Graphics                      
                             '}, {'id':                                         
                             '90910a9c-5f9f-42a7-962c-4f42cf668                 
                             461', 'ip': '192.168.1.10:55956',                  
                             'systeminfo': 'windows                             
                             LAPTOP-CGJ3M523 10.0.26100.3624                    
                             Build 26100.3624 10.0.26100.3624                   
                             Build 26100.3624 x86_64 AMD Ryzen                  
                             9 8945HX with Radeon Graphics                      
                             '}]                                                
                    INFO     2026-01-01 09:19:39,576 - INFO -   server_api.py:87
                             Initializing client                                
                             controller：686f484a-1e42-4a8a-b14                 
                             7-0b33f0ebfdbf                                     
                    INFO     2026-01-01 09:19:39,581 - INFO -  server_api.py:103
                             Executing command：fsutil file                     
                             createnew                                          
                             C:\Users\system2\Desktop1.txt                      
                             160000000000                                       
[01/01/26 09:19:40] INFO     2026-01-01 09:19:40,399 - INFO -  server_api.py:107
                             Command                                            
                             result：{"command":"fsutil file                    
                             createnew                                          
                             C:\\Users\\system2\\Desktop1.txt                   
                             160000000000","output":"\ufffdѴ\u                  
                             fffd\ufffd\ufffd\ufffdļ\ufffd                      
                             C:\\Users\\system2\\Desktop1.txt\                  
                             r\n","status":0}                                   
                                                                                
[2026-01-01 09:19:40 -0500] [322995] [INFO] 127.0.0.1:48584 POST /fuck/function 1.1 200 236 873830
[2026-01-01 09:19:40 -0500] [323085] [INFO] 127.0.0.1:57750 POST /fuck/requests_to_function 1.1 200 236 912156
[01/01/26 09:19:44] INFO     2026-01-01 09:19:44,398 - INFO -  server_api.py:182
                             Received function request                          
                    INFO     2026-01-01 09:19:44,403 - INFO -  server_api.py:137
                             Performing security verification                   
                    INFO     2026-01-01 09:19:44,412 - INFO -  server_api.py:143
                             Verification passed                                
                    WARNING  2026-01-01 09:19:44,416 - WARNING server_api.py:192
                             - Function name not provided                       
[2026-01-01 09:19:44 -0500] [322995] [INFO] 127.0.0.1:48596 POST /fuck/function 1.1 400 39 23718
                    INFO     2026-01-01 09:19:44,428 - INFO -  server_api.py:182
                             Received function request                          
                    INFO     2026-01-01 09:19:44,432 - INFO -  server_api.py:137
                             Performing security verification                   
                    INFO     2026-01-01 09:19:44,441 - INFO -  server_api.py:143
                             Verification passed                                
                    INFO     2026-01-01 09:19:44,445 - INFO -  server_api.py:196
                             Requested function：systeminfo                     
                    INFO     2026-01-01 09:19:44,449 - INFO -   server_api.py:44
                             Server initialization                              
                    INFO     2026-01-01 09:19:44,453 - INFO -  server_api.py:213
                             Target                                             
                             device：686f484a-1e42-4a8a-b147-0                  
                             b33f0ebfdbf                                        
                    INFO     2026-01-01 09:19:44,458 - INFO -   server_api.py:51
                             Getting client list                                
                    INFO     2026-01-01 09:19:44,462 - INFO -   server_api.py:63
                             Device list：[{'id':                               
                             '686f484a-1e42-4a8a-b147-0b33f0ebf                 
                             dbf', 'ip': '192.168.1.10:55955',                  
                             'systeminfo': 'windows                             
                             LAPTOP-CGJ3M523 10.0.26100.3624                    
                             Build 26100.3624 10.0.26100.3624                   
                             Build 26100.3624 x86_64 AMD Ryzen                  
                             9 8945HX with Radeon Graphics                      
                             '}, {'id':                                         
                             '90910a9c-5f9f-42a7-962c-4f42cf668                 
                             461', 'ip': '192.168.1.10:55956',                  
                             'systeminfo': 'windows                             
                             LAPTOP-CGJ3M523 10.0.26100.3624                    
                             Build 26100.3624 10.0.26100.3624                   
                             Build 26100.3624 x86_64 AMD Ryzen                  
                             9 8945HX with Radeon Graphics                      
                             '}]                                                
                    INFO     2026-01-01 09:19:44,470 - INFO -   server_api.py:87
                             Initializing client                                
                             controller：686f484a-1e42-4a8a-b14                 
                             7-0b33f0ebfdbf                                     
                    INFO     2026-01-01 09:19:44,475 - INFO -   server_api.py:92
                             Getting device system information                  
                    INFO     2026-01-01 09:19:44,583 - INFO -   server_api.py:96
                             System                                             
                             information：{"cpu":[{"cpu":0,"ven                 
                             dorId":"AuthenticAMD","family":"10                 
                             7","model":"","stepping":0,"physic                 
                             alId":"178BFBFF00A60F12","coreId":                 
                             "","cores":32,"modelName":"AMD                     
                             Ryzen 9 8945HX with Radeon                         
                             Graphics                                           
                             ","mhz":2501,"cacheSize":0,"flags"                 
                             :[],"microcode":""}],"disk_usage":                 
                             {"path":"C:","fstype":"","total":4                 
                             29497774080,"free":3766177792,"use                 
                             d":425731596288,"usedPercent":99.1                 
                             2312053303016,"inodesTotal":0,"ino                 
                             desUsed":0,"inodesFree":0,"inodesU                 
                             sedPercent":0},"host":{"hostname":                 
                             "LAPTOP-CGJ3M523","uptime":377289,                 
                             "bootTime":1766899895,"procs":444,                 
                             "os":"windows","platform":"Microso                 
                             ft Windows 11 Home                                 
                             China","platformFamily":"Standalon                 
                             e                                                  
                             Workstation","platformVersion":"10                 
                             .0.26100.3624 Build                                
                             26100.3624","kernelVersion":"10.0.                 
                             26100.3624 Build                                   
                             26100.3624","kernelArch":"x86_64",                 
                             "virtualizationSystem":"","virtual                 
                             izationRole":"","hostId":"53d2bd44                 
                             -d228-4e82-966b-f0370c23a148"},"in                 
                             terfaces":[{"index":7,"mtu":1500,"                 
                             name":"WLAN                                        
                             2","hardwareAddr":"ae:f2:3c:08:0f:                 
                             f3","flags":["broadcast","multicas                 
                             t"],"addrs":[{"addr":"fe80::e586:b                 
                             1f7:3f64:e579/64"},{"addr":"169.25                 
                             4.122.219/16"}]},{"index":9,"mtu":                 
                             1500,"name":"WLAN                                  
                             5","hardwareAddr":"ae:f2:3c:08:1f:                 
                             e3","flags":["broadcast","multicas                 
                             t"],"addrs":[{"addr":"fe80::8b78:7                 
                             fb9:6eea:b008/64"},{"addr":"169.25                 
                             4.194.5/16"}]},{"index":17,"mtu":1                 
                             492,"name":"WLAN","hardwareAddr":"                 
                             ac:f2:3c:08:2f:d3","flags":["up","                 
                             broadcast","multicast"],"addrs":[{                 
                             "addr":"2408:8226:241:79f0:e220:d1                 
                             f7:290a:493a/64"},{"addr":"2408:82                 
                             26:241:79f0:5077:57f0:4438:52d7/12                 
                             8"},{"addr":"2408:8226:241:79f0:6c                 
                             62:5d33:1d52:5154/128"},{"addr":"2                 
                             408:8226:241:79f0:b952:cfc2:fbb0:7                 
                             54d/128"},{"addr":"fe80::29a0:59f:                 
                             bc8b:7105/64"},{"addr":"192.168.1.                 
                             10/24"}]},{"index":19,"mtu":1500,"                 
                             name":"蓝牙网络连接","hardwareAddr                 
                             ":"ac:f2:3c:08:2f:d4","flags":["br                 
                             oadcast","multicast"],"addrs":[{"a                 
                             ddr":"fe80::7c17:221f:abf3:523b/64                 
                             "},{"addr":"169.254.34.95/16"}]},{                 
                             "index":20,"mtu":1500,"name":"以太                 
                             网","hardwareAddr":"c8:53:09:e1:68                 
                             :c3","flags":["broadcast","multica                 
                             st"],"addrs":[{"addr":"fe80::e59b:                 
                             85b5:552a:aea7/64"},{"addr":"169.2                 
                             54.229.102/16"}]},{"index":1,"mtu"                 
                             :-1,"name":"Loopback                               
                             Pseudo-Interface                                   
                             1","hardwareAddr":"","flags":["up"                 
                             ,"loopback","multicast"],"addrs":[                 
                             {"addr":"::1/128"},{"addr":"127.0.                 
                             0.1/8"}]}],"io_disk":{"C:":{"readC                 
                             ount":1319102,"mergedReadCount":0,                 
                             "writeCount":1740792,"mergedWriteC                 
                             ount":0,"readBytes":67026745344,"w                 
                             riteBytes":57372586496,"readTime":                 
                             724,"writeTime":1192,"iopsInProgre                 
                             ss":0,"ioTime":0,"weightedIO":0,"n                 
                             ame":"C:","serialNumber":"","label                 
                             ":""},"D:":{"readCount":126668,"me                 
                             rgedReadCount":0,"writeCount":5227                 
                             9,"mergedWriteCount":0,"readBytes"                 
                             :9066870272,"writeBytes":289509785                 
                             6,"readTime":124,"writeTime":23,"i                 
                             opsInProgress":0,"ioTime":0,"weigh                 
                             tedIO":0,"name":"D:","serialNumber                 
                             ":"","label":""},"E:":{"readCount"                 
                             :44554,"mergedReadCount":0,"writeC                 
                             ount":7176,"mergedWriteCount":0,"r                 
                             eadBytes":2862856704,"writeBytes":                 
                             279465984,"readTime":32,"writeTime                 
                             ":3,"iopsInProgress":0,"ioTime":0,                 
                             "weightedIO":0,"name":"E:","serial                 
                             Number":"","label":""}},"io_networ                 
                             k":[{"name":"WLAN                                  
                             2","bytesSent":0,"bytesRecv":0,"pa                 
                             cketsSent":0,"packetsRecv":0,"erri                 
                             n":0,"errout":0,"dropin":0,"dropou                 
                             t":0,"fifoin":0,"fifoout":0},{"nam                 
                             e":"WLAN                                           
                             5","bytesSent":0,"bytesRecv":0,"pa                 
                             cketsSent":0,"packetsRecv":0,"erri                 
                             n":0,"errout":0,"dropin":0,"dropou                 
                             t":0,"fifoin":0,"fifoout":0},{"nam                 
                             e":"WLAN","bytesSent":317924347,"b                 
                             ytesRecv":4827938338,"packetsSent"                 
                             :1240716,"packetsRecv":2825788,"er                 
                             rin":0,"errout":0,"dropin":0,"drop                 
                             out":0,"fifoin":0,"fifoout":0},{"n                 
                             ame":"蓝牙网络连接","bytesSent":0,                 
                             "bytesRecv":0,"packetsSent":0,"pac                 
                             ketsRecv":0,"errin":0,"errout":0,"                 
                             dropin":0,"dropout":0,"fifoin":0,"                 
                             fifoout":0},{"name":"以太网","byte                 
                             sSent":0,"bytesRecv":0,"packetsSen                 
                             t":0,"packetsRecv":0,"errin":0,"er                 
                             rout":0,"dropin":0,"dropout":0,"fi                 
                             foin":0,"fifoout":0},{"name":"Loop                 
                             back Pseudo-Interface                              
                             1","bytesSent":0,"bytesRecv":0,"pa                 
                             cketsSent":0,"packetsRecv":0,"erri                 
                             n":0,"errout":0,"dropin":0,"dropou                 
                             t":0,"fifoin":0,"fifoout":0}],"mem                 
                             ory":{"total":33605316608,"availab                 
                             le":15935279104,"used":17670037504                 
                             ,"usedPercent":52,"free":159352791                 
                             04,"active":0,"inactive":0,"wired"                 
                             :0,"laundry":0,"buffers":0,"cached                 
                             ":0,"writeBack":0,"dirty":0,"write                 
                             BackTmp":0,"shared":0,"slab":0,"sr                 
                             eclaimable":0,"sunreclaim":0,"page                 
                             Tables":0,"swapCached":0,"commitLi                 
                             mit":0,"committedAS":0,"highTotal"                 
                             :0,"highFree":0,"lowTotal":0,"lowF                 
                             ree":0,"swapTotal":0,"swapFree":0,                 
                             "mapped":0,"vmallocTotal":0,"vmall                 
                             ocUsed":0,"vmallocChunk":0,"hugePa                 
                             gesTotal":0,"hugePagesFree":0,"hug                 
                             ePagesRsvd":0,"hugePagesSurp":0,"h                 
                             ugePageSize":0,"anonHugePages":0},                 
                             "partition":[{"device":"C:","mount                 
                             point":"C:","fstype":"NTFS","opts"                 
                             :["rw","compress"]},{"device":"D:"                 
                             ,"mountpoint":"D:","fstype":"NTFS"                 
                             ,"opts":["rw","compress"]},{"devic                 
                             e":"E:","mountpoint":"E:","fstype"                 
                             :"NTFS","opts":["rw","compress"]}]                 
                             ,"processes":[{"pid":0},{"pid":4},                 
                             {"pid":428},{"pid":472},{"pid":636                 
                             },{"pid":1032},{"pid":1072},{"pid"                 
                             :1716},{"pid":1792},{"pid":1912},{                 
                             "pid":1988},{"pid":2008},{"pid":20                 
                             16},{"pid":2036},{"pid":2068},{"pi                 
                             d":2124},{"pid":2140},{"pid":2184}                 
                             ,{"pid":2204},{"pid":2220},{"pid":                 
                             2292},{"pid":2344},{"pid":2500},{"                 
                             pid":2540},{"pid":2636},{"pid":266                 
                             0},{"pid":2664},{"pid":2672},{"pid                 
                             ":2680},{"pid":2688},{"pid":2740},                 
                             {"pid":2792},{"pid":2800},{"pid":2                 
                             808},{"pid":2816},{"pid":2824},{"p                 
                             id":2832},{"pid":2844},{"pid":2864                 
                             },{"pid":2980},{"pid":3052},{"pid"                 
                             :3112},{"pid":3168},{"pid":3192},{                 
                             "pid":3228},{"pid":3236},{"pid":34                 
                             12},{"pid":3456},{"pid":3516},{"pi                 
                             d":3604},{"pid":3692},{"pid":3704}                 
                             ,{"pid":3728},{"pid":3736},{"pid":                 
                             3888},{"pid":3924},{"pid":3928},{"                 
                             pid":4152},{"pid":4160},{"pid":416                 
                             8},{"pid":4184},{"pid":4204},{"pid                 
                             ":4232},{"pid":4236},{"pid":4368},                 
                             {"pid":4376},{"pid":4384},{"pid":4                 
                             420},{"pid":4476},{"pid":4572},{"p                 
                             id":4580},{"pid":4652},{"pid":4720                 
                             },{"pid":4736},{"pid":4784},{"pid"                 
                             :4800},{"pid":5092},{"pid":5124},{                 
                             "pid":5148},{"pid":5192},{"pid":52                 
                             32},{"pid":5360},{"pid":5516},{"pi                 
                             d":5544},{"pid":5740},{"pid":5748}                 
                             ,{"pid":5764},{"pid":5784},{"pid":                 
                             5828},{"pid":5860},{"pid":6068},{"                 
                             pid":6216},{"pid":6248},{"pid":632                 
                             0},{"pid":6384},{"pid":6428},{"pid                 
                             ":6468},{"pid":6580},{"pid":6608},                 
                             {"pid":6620},{"pid":6632},{"pid":6                 
                             664},{"pid":6716},{"pid":6744},{"p                 
                             id":6868},{"pid":6876},{"pid":6916                 
                             },{"pid":6924},{"pid":6952},{"pid"                 
                             :6996},{"pid":7004},{"pid":7028},{                 
                             "pid":7036},{"pid":7048},{"pid":70                 
                             56},{"pid":7068},{"pid":7076},{"pi                 
                             d":7092},{"pid":7100},{"pid":7120}                 
                             ,{"pid":7136},{"pid":7140},{"pid":                 
                             7148},{"pid":7164},{"pid":7208},{"                 
                             pid":7224},{"pid":7280},{"pid":732                 
                             4},{"pid":7340},{"pid":7364},{"pid                 
                             ":7384},{"pid":7404},{"pid":7408},                 
                             {"pid":7436},{"pid":7448},{"pid":7                 
                             532},{"pid":7564},{"pid":7648},{"p                 
                             id":7712},{"pid":7776},{"pid":7828                 
                             },{"pid":7944},{"pid":8396},{"pid"                 
                             :8488},{"pid":8824},{"pid":9176},{                 
                             "pid":9240},{"pid":9248},{"pid":92                 
                             76},{"pid":9292},{"pid":9392},{"pi                 
                             d":9532},{"pid":9616},{"pid":9636}                 
                             ,{"pid":9984},{"pid":10044},{"pid"                 
                             :10132},{"pid":10180},{"pid":10244                 
                             },{"pid":10712},{"pid":10956},{"pi                 
                             d":11096},{"pid":11116},{"pid":111                 
                             68},{"pid":11292},{"pid":11492},{"                 
                             pid":11532},{"pid":11920},{"pid":1                 
                             2616},{"pid":12660},{"pid":12716},                 
                             {"pid":12896},{"pid":12904},{"pid"                 
                             :13008},{"pid":13248},{"pid":13360                 
                             },{"pid":13572},{"pid":13640},{"pi                 
                             d":13776},{"pid":13868},{"pid":139                 
                             68},{"pid":14108},{"pid":14368},{"                 
                             pid":14552},{"pid":14832},{"pid":1                 
                             4864},{"pid":15088},{"pid":15216},                 
                             {"pid":15444},{"pid":15496},{"pid"                 
                             :15612},{"pid":15676},{"pid":15720                 
                             },{"pid":15736},{"pid":15780},{"pi                 
                             d":15880},{"pid":16428},{"pid":166                 
                             04},{"pid":16676},{"pid":16744},{"                 
                             pid":16760},{"pid":17088},{"pid":1                 
                             7124},{"pid":17496},{"pid":18032},                 
                             {"pid":18120},{"pid":18304},{"pid"                 
                             :18512},{"pid":18644},{"pid":18684                 
                             },{"pid":18808},{"pid":19068},{"pi                 
                             d":19104},{"pid":19128},{"pid":192                 
                             96},{"pid":19460},{"pid":19476},{"                 
                             pid":19836},{"pid":19876},{"pid":1                 
                             9980},{"pid":19996},{"pid":20068},                 
                             {"pid":20644},{"pid":20704},{"pid"                 
                             :20792},{"pid":20844},{"pid":20876                 
                             },{"pid":20896},{"pid":21008},{"pi                 
                             d":21164},{"pid":21472},{"pid":216                 
                             16},{"pid":21644},{"pid":21664},{"                 
                             pid":22172},{"pid":22176},{"pid":2                 
                             2220},{"pid":22516},{"pid":22560},                 
                             {"pid":22592},{"pid":22772},{"pid"                 
                             :22800},{"pid":23260},{"pid":23376                 
                             },{"pid":23572},{"pid":23628},{"pi                 
                             d":23824},{"pid":23948},{"pid":239                 
                             88},{"pid":23996},{"pid":24036},{"                 
                             pid":24040},{"pid":24148},{"pid":2                 
                             4368},{"pid":24404},{"pid":24532},                 
                             {"pid":24588},{"pid":24800},{"pid"                 
                             :24808},{"pid":25268},{"pid":25560                 
                             },{"pid":25664},{"pid":25704},{"pi                 
                             d":25792},{"pid":25876},{"pid":259                 
                             12},{"pid":25972},{"pid":26048},{"                 
                             pid":26052},{"pid":26204},{"pid":2                 
                             6516},{"pid":26860},{"pid":27016},                 
                             {"pid":27216},{"pid":27292},{"pid"                 
                             :28068},{"pid":28180},{"pid":28224                 
                             },{"pid":28336},{"pid":28852},{"pi                 
                             d":29028},{"pid":29208},{"pid":297                 
                             72},{"pid":29844},{"pid":30168},{"                 
                             pid":30376},{"pid":30464},{"pid":3                 
                             0848},{"pid":30864},{"pid":31028},                 
                             {"pid":31520},{"pid":31612},{"pid"                 
                             :31720},{"pid":32004},{"pid":32032                 
                             },{"pid":32296},{"pid":32428},{"pi                 
                             d":32692},{"pid":32696},{"pid":327                 
                             00},{"pid":32724},{"pid":32820},{"                 
                             pid":32844},{"pid":33108},{"pid":3                 
                             3128},{"pid":33244},{"pid":33600},                 
                             {"pid":34088},{"pid":34228},{"pid"                 
                             :34244},{"pid":34248},{"pid":34256                 
                             },{"pid":34320},{"pid":34448},{"pi                 
                             d":34476},{"pid":34488},{"pid":345                 
                             60},{"pid":34688},{"pid":34740},{"                 
                             pid":34880},{"pid":34904},{"pid":3                 
                             5072},{"pid":35252},{"pid":36000},                 
                             {"pid":36060},{"pid":36272},{"pid"                 
                             :36356},{"pid":36408},{"pid":36444                 
                             },{"pid":36912},{"pid":37056},{"pi                 
                             d":37408},{"pid":37416},{"pid":375                 
                             20},{"pid":37652},{"pid":38180},{"                 
                             pid":38224},{"pid":38280},{"pid":3                 
                             8560},{"pid":38700},{"pid":38724},                 
                             {"pid":39032},{"pid":39044},{"pid"                 
                             :39096},{"pid":39344},{"pid":39428                 
                             },{"pid":39452},{"pid":39548},{"pi                 
                             d":39596},{"pid":39676},{"pid":397                 
                             72},{"pid":39868},{"pid":40192},{"                 
                             pid":40328},{"pid":40376},{"pid":4                 
                             0432},{"pid":40444},{"pid":40516},                 
                             {"pid":40568},{"pid":40680},{"pid"                 
                             :40868},{"pid":41024},{"pid":41096                 
                             },{"pid":41176},{"pid":41380},{"pi                 
                             d":41400},{"pid":41464},{"pid":418                 
                             04},{"pid":42064},{"pid":42116},{"                 
                             pid":42128},{"pid":42392},{"pid":4                 
                             2408},{"pid":42496},{"pid":42632},                 
                             {"pid":42700},{"pid":42716},{"pid"                 
                             :42736},{"pid":42868},{"pid":43056                 
                             },{"pid":43244},{"pid":43596},{"pi                 
                             d":43660},{"pid":43720},{"pid":437                 
                             44},{"pid":43780},{"pid":43976},{"                 
                             pid":44012},{"pid":44024},{"pid":4                 
                             4276},{"pid":44808},{"pid":44864},                 
                             {"pid":44928},{"pid":44940},{"pid"                 
                             :44960},{"pid":44988},{"pid":45084                 
                             },{"pid":45120},{"pid":45220},{"pi                 
                             d":45372},{"pid":45544},{"pid":455                 
                             84},{"pid":45664},{"pid":45772},{"                 
                             pid":45824},{"pid":46008},{"pid":4                 
                             6124},{"pid":46224},{"pid":46232},                 
                             {"pid":46264},{"pid":46316},{"pid"                 
                             :46508},{"pid":46524},{"pid":46640                 
                             },{"pid":46688},{"pid":46780},{"pi                 
                             d":47028},{"pid":47056},{"pid":471                 
                             20},{"pid":47348},{"pid":47480},{"                 
                             pid":48500},{"pid":48692},{"pid":4                 
                             8772},{"pid":48976},{"pid":49024},                 
                             {"pid":49068},{"pid":49124},{"pid"                 
                             :49412},{"pid":49440},{"pid":49628                 
                             },{"pid":49912},{"pid":49924},{"pi                 
                             d":50268},{"pid":50608},{"pid":506                 
                             32},{"pid":50924},{"pid":50988},{"                 
                             pid":52160},{"pid":52336},{"pid":5                 
                             2636},{"pid":53352},{"pid":53536},                 
                             {"pid":54040}],"swap_memory":{"tot                 
                             al":35752800256,"used":35059044352                 
                             ,"free":693755904,"usedPercent":98                 
                             .05957603591183,"sin":0,"sout":0,"                 
                             pgIn":0,"pgOut":0,"pgFault":0,"pgM                 
                             ajFault":0}}                                       
                                                                                
[2026-01-01 09:19:44 -0500] [322995] [INFO] 127.0.0.1:48602 POST /fuck/function 1.1 200 12655 306958
[2026-01-01 09:19:44 -0500] [323085] [INFO] 127.0.0.1:57750 POST /fuck/requests_to_function 1.1 200 12655 344270
[01/01/26 09:20:22] INFO     2026-01-01 09:20:22,068 - INFO -  server_api.py:182
                             Received function request                          
                    INFO     2026-01-01 09:20:22,072 - INFO -  server_api.py:137
                             Performing security verification                   
                    INFO     2026-01-01 09:20:22,082 - INFO -  server_api.py:143
                             Verification passed                                
                    WARNING  2026-01-01 09:20:22,086 - WARNING server_api.py:192
                             - Function name not provided                       
[2026-01-01 09:20:22 -0500] [322995] [INFO] 127.0.0.1:38320 POST /fuck/function 1.1 400 39 24227
                    INFO     2026-01-01 09:20:22,098 - INFO -  server_api.py:182
                             Received function request                          
                    INFO     2026-01-01 09:20:22,102 - INFO -  server_api.py:137
                             Performing security verification                   
                    INFO     2026-01-01 09:20:22,111 - INFO -  server_api.py:143
                             Verification passed                                
                    INFO     2026-01-01 09:20:22,115 - INFO -  server_api.py:196
                             Requested function：command                        
                    INFO     2026-01-01 09:20:22,119 - INFO -   server_api.py:44
                             Server initialization                              
                    INFO     2026-01-01 09:20:22,123 - INFO -  server_api.py:213
                             Target                                             
                             device：686f484a-1e42-4a8a-b147-0                  
                             b33f0ebfdbf                                        
                    INFO     2026-01-01 09:20:22,128 - INFO -   server_api.py:51
                             Getting client list                                
                    INFO     2026-01-01 09:20:22,132 - INFO -   server_api.py:63
                             Device list：[{'id':                               
                             '686f484a-1e42-4a8a-b147-0b33f0ebf                 
                             dbf', 'ip': '192.168.1.10:55955',                  
                             'systeminfo': 'windows                             
                             LAPTOP-CGJ3M523 10.0.26100.3624                    
                             Build 26100.3624 10.0.26100.3624                   
                             Build 26100.3624 x86_64 AMD Ryzen                  
                             9 8945HX with Radeon Graphics                      
                             '}, {'id':                                         
                             '90910a9c-5f9f-42a7-962c-4f42cf668                 
                             461', 'ip': '192.168.1.10:55956',                  
                             'systeminfo': 'windows                             
                             LAPTOP-CGJ3M523 10.0.26100.3624                    
                             Build 26100.3624 10.0.26100.3624                   
                             Build 26100.3624 x86_64 AMD Ryzen                  
                             9 8945HX with Radeon Graphics                      
                             '}]                                                
                    INFO     2026-01-01 09:20:22,140 - INFO -   server_api.py:87
                             Initializing client                                
                             controller：686f484a-1e42-4a8a-b14                 
                             7-0b33f0ebfdbf                                     
                    INFO     2026-01-01 09:20:22,145 - INFO -  server_api.py:103
                             Executing command：del                             
                             C:\Users\system2\Desktop1.txt                      
                    INFO     2026-01-01 09:20:22,899 - INFO -  server_api.py:107
                             Command result：{"command":"del                    
                             C:\\Users\\system2\\Desktop1.txt"                  
                             ,"output":"","status":0}                           
                                                                                
[2026-01-01 09:20:22 -0500] [322995] [INFO] 127.0.0.1:38332 POST /fuck/function 1.1 200 106 808977
[2026-01-01 09:20:22 -0500] [323085] [INFO] 127.0.0.1:55934 POST /fuck/requests_to_function 1.1 200 106 847927
[01/01/26 09:20:25] INFO     2026-01-01 09:20:25,214 - INFO -  server_api.py:182
                             Received function request                          
                    INFO     2026-01-01 09:20:25,218 - INFO -  server_api.py:137
                             Performing security verification                   
                    INFO     2026-01-01 09:20:25,228 - INFO -  server_api.py:143
                             Verification passed                                
                    WARNING  2026-01-01 09:20:25,232 - WARNING server_api.py:192
                             - Function name not provided                       
[2026-01-01 09:20:25 -0500] [322995] [INFO] 127.0.0.1:38336 POST /fuck/function 1.1 400 39 24489
                    INFO     2026-01-01 09:20:25,244 - INFO -  server_api.py:182
                             Received function request                          
                    INFO     2026-01-01 09:20:25,248 - INFO -  server_api.py:137
                             Performing security verification                   
                    INFO     2026-01-01 09:20:25,257 - INFO -  server_api.py:143
                             Verification passed                                
                    INFO     2026-01-01 09:20:25,261 - INFO -  server_api.py:196
                             Requested function：systeminfo                     
                    INFO     2026-01-01 09:20:25,265 - INFO -   server_api.py:44
                             Server initialization                              
                    INFO     2026-01-01 09:20:25,269 - INFO -  server_api.py:213
                             Target                                             
                             device：686f484a-1e42-4a8a-b147-0                  
                             b33f0ebfdbf                                        
                    INFO     2026-01-01 09:20:25,274 - INFO -   server_api.py:51
                             Getting client list                                
                    INFO     2026-01-01 09:20:25,278 - INFO -   server_api.py:63
                             Device list：[{'id':                               
                             '686f484a-1e42-4a8a-b147-0b33f0ebf                 
                             dbf', 'ip': '192.168.1.10:55955',                  
                             'systeminfo': 'windows                             
                             LAPTOP-CGJ3M523 10.0.26100.3624                    
                             Build 26100.3624 10.0.26100.3624                   
                             Build 26100.3624 x86_64 AMD Ryzen                  
                             9 8945HX with Radeon Graphics                      
                             '}, {'id':                                         
                             '90910a9c-5f9f-42a7-962c-4f42cf668                 
                             461', 'ip': '192.168.1.10:55956',                  
                             'systeminfo': 'windows                             
                             LAPTOP-CGJ3M523 10.0.26100.3624                    
                             Build 26100.3624 10.0.26100.3624                   
                             Build 26100.3624 x86_64 AMD Ryzen                  
                             9 8945HX with Radeon Graphics                      
                             '}]                                                
                    INFO     2026-01-01 09:20:25,286 - INFO -   server_api.py:87
                             Initializing client                                
                             controller：686f484a-1e42-4a8a-b14                 
                             7-0b33f0ebfdbf                                     
                    INFO     2026-01-01 09:20:25,291 - INFO -   server_api.py:92
                             Getting device system information                  
                    INFO     2026-01-01 09:20:25,394 - INFO -   server_api.py:96
                             System                                             
                             information：{"cpu":[{"cpu":0,"ven                 
                             dorId":"AuthenticAMD","family":"10                 
                             7","model":"","stepping":0,"physic                 
                             alId":"178BFBFF00A60F12","coreId":                 
                             "","cores":32,"modelName":"AMD                     
                             Ryzen 9 8945HX with Radeon                         
                             Graphics                                           
                             ","mhz":2501,"cacheSize":0,"flags"                 
                             :[],"microcode":""}],"disk_usage":                 
                             {"path":"C:","fstype":"","total":4                 
                             29497774080,"free":163766202368,"u                 
                             sed":265731571712,"usedPercent":61                 
                             .87030242035754,"inodesTotal":0,"i                 
                             nodesUsed":0,"inodesFree":0,"inode                 
                             sUsedPercent":0},"host":{"hostname                 
                             ":"LAPTOP-CGJ3M523","uptime":37732                 
                             9,"bootTime":1766899895,"procs":44                 
                             4,"os":"windows","platform":"Micro                 
                             soft Windows 11 Home                               
                             China","platformFamily":"Standalon                 
                             e                                                  
                             Workstation","platformVersion":"10                 
                             .0.26100.3624 Build                                
                             26100.3624","kernelVersion":"10.0.                 
                             26100.3624 Build                                   
                             26100.3624","kernelArch":"x86_64",                 
                             "virtualizationSystem":"","virtual                 
                             izationRole":"","hostId":"53d2bd44                 
                             -d228-4e82-966b-f0370c23a148"},"in                 
                             terfaces":[{"index":7,"mtu":1500,"                 
                             name":"WLAN                                        
                             2","hardwareAddr":"ae:f2:3c:08:0f:                 
                             f3","flags":["broadcast","multicas                 
                             t"],"addrs":[{"addr":"fe80::e586:b                 
                             1f7:3f64:e579/64"},{"addr":"169.25                 
                             4.122.219/16"}]},{"index":9,"mtu":                 
                             1500,"name":"WLAN                                  
                             5","hardwareAddr":"ae:f2:3c:08:1f:                 
                             e3","flags":["broadcast","multicas                 
                             t"],"addrs":[{"addr":"fe80::8b78:7                 
                             fb9:6eea:b008/64"},{"addr":"169.25                 
                             4.194.5/16"}]},{"index":17,"mtu":1                 
                             492,"name":"WLAN","hardwareAddr":"                 
                             ac:f2:3c:08:2f:d3","flags":["up","                 
                             broadcast","multicast"],"addrs":[{                 
                             "addr":"2408:8226:241:79f0:e220:d1                 
                             f7:290a:493a/64"},{"addr":"2408:82                 
                             26:241:79f0:5077:57f0:4438:52d7/12                 
                             8"},{"addr":"2408:8226:241:79f0:6c                 
                             62:5d33:1d52:5154/128"},{"addr":"2                 
                             408:8226:241:79f0:b952:cfc2:fbb0:7                 
                             54d/128"},{"addr":"fe80::29a0:59f:                 
                             bc8b:7105/64"},{"addr":"192.168.1.                 
                             10/24"}]},{"index":19,"mtu":1500,"                 
                             name":"蓝牙网络连接","hardwareAddr                 
                             ":"ac:f2:3c:08:2f:d4","flags":["br                 
                             oadcast","multicast"],"addrs":[{"a                 
                             ddr":"fe80::7c17:221f:abf3:523b/64                 
                             "},{"addr":"169.254.34.95/16"}]},{                 
                             "index":20,"mtu":1500,"name":"以太                 
                             网","hardwareAddr":"c8:53:09:e1:68                 
                             :c3","flags":["broadcast","multica                 
                             st"],"addrs":[{"addr":"fe80::e59b:                 
                             85b5:552a:aea7/64"},{"addr":"169.2                 
                             54.229.102/16"}]},{"index":1,"mtu"                 
                             :-1,"name":"Loopback                               
                             Pseudo-Interface                                   
                             1","hardwareAddr":"","flags":["up"                 
                             ,"loopback","multicast"],"addrs":[                 
                             {"addr":"::1/128"},{"addr":"127.0.                 
                             0.1/8"}]}],"io_disk":{"C:":{"readC                 
                             ount":1319128,"mergedReadCount":0,                 
                             "writeCount":1742724,"mergedWriteC                 
                             ount":0,"readBytes":67027580928,"w                 
                             riteBytes":57398669824,"readTime":                 
                             724,"writeTime":1193,"iopsInProgre                 
                             ss":0,"ioTime":0,"weightedIO":0,"n                 
                             ame":"C:","serialNumber":"","label                 
                             ":""},"D:":{"readCount":126668,"me                 
                             rgedReadCount":0,"writeCount":5232                 
                             3,"mergedWriteCount":0,"readBytes"                 
                             :9066870272,"writeBytes":289558118                 
                             4,"readTime":124,"writeTime":23,"i                 
                             opsInProgress":0,"ioTime":0,"weigh                 
                             tedIO":0,"name":"D:","serialNumber                 
                             ":"","label":""},"E:":{"readCount"                 
                             :44554,"mergedReadCount":0,"writeC                 
                             ount":7213,"mergedWriteCount":0,"r                 
                             eadBytes":2862856704,"writeBytes":                 
                             279695360,"readTime":32,"writeTime                 
                             ":3,"iopsInProgress":0,"ioTime":0,                 
                             "weightedIO":0,"name":"E:","serial                 
                             Number":"","label":""}},"io_networ                 
                             k":[{"name":"WLAN                                  
                             2","bytesSent":0,"bytesRecv":0,"pa                 
                             cketsSent":0,"packetsRecv":0,"erri                 
                             n":0,"errout":0,"dropin":0,"dropou                 
                             t":0,"fifoin":0,"fifoout":0},{"nam                 
                             e":"WLAN                                           
                             5","bytesSent":0,"bytesRecv":0,"pa                 
                             cketsSent":0,"packetsRecv":0,"erri                 
                             n":0,"errout":0,"dropin":0,"dropou                 
                             t":0,"fifoin":0,"fifoout":0},{"nam                 
                             e":"WLAN","bytesSent":317987695,"b                 
                             ytesRecv":4828012402,"packetsSent"                 
                             :1240939,"packetsRecv":2826011,"er                 
                             rin":0,"errout":0,"dropin":0,"drop                 
                             out":0,"fifoin":0,"fifoout":0},{"n                 
                             ame":"蓝牙网络连接","bytesSent":0,                 
                             "bytesRecv":0,"packetsSent":0,"pac                 
                             ketsRecv":0,"errin":0,"errout":0,"                 
                             dropin":0,"dropout":0,"fifoin":0,"                 
                             fifoout":0},{"name":"以太网","byte                 
                             sSent":0,"bytesRecv":0,"packetsSen                 
                             t":0,"packetsRecv":0,"errin":0,"er                 
                             rout":0,"dropin":0,"dropout":0,"fi                 
                             foin":0,"fifoout":0},{"name":"Loop                 
                             back Pseudo-Interface                              
                             1","bytesSent":0,"bytesRecv":0,"pa                 
                             cketsSent":0,"packetsRecv":0,"erri                 
                             n":0,"errout":0,"dropin":0,"dropou                 
                             t":0,"fifoin":0,"fifoout":0}],"mem                 
                             ory":{"total":33605316608,"availab                 
                             le":15916580864,"used":17688735744                 
                             ,"usedPercent":52,"free":159165808                 
                             64,"active":0,"inactive":0,"wired"                 
                             :0,"laundry":0,"buffers":0,"cached                 
                             ":0,"writeBack":0,"dirty":0,"write                 
                             BackTmp":0,"shared":0,"slab":0,"sr                 
                             eclaimable":0,"sunreclaim":0,"page                 
                             Tables":0,"swapCached":0,"commitLi                 
                             mit":0,"committedAS":0,"highTotal"                 
                             :0,"highFree":0,"lowTotal":0,"lowF                 
                             ree":0,"swapTotal":0,"swapFree":0,                 
                             "mapped":0,"vmallocTotal":0,"vmall                 
                             ocUsed":0,"vmallocChunk":0,"hugePa                 
                             gesTotal":0,"hugePagesFree":0,"hug                 
                             ePagesRsvd":0,"hugePagesSurp":0,"h                 
                             ugePageSize":0,"anonHugePages":0},                 
                             "partition":[{"device":"C:","mount                 
                             point":"C:","fstype":"NTFS","opts"                 
                             :["rw","compress"]},{"device":"D:"                 
                             ,"mountpoint":"D:","fstype":"NTFS"                 
                             ,"opts":["rw","compress"]},{"devic                 
                             e":"E:","mountpoint":"E:","fstype"                 
                             :"NTFS","opts":["rw","compress"]}]                 
                             ,"processes":[{"pid":0},{"pid":4},                 
                             {"pid":428},{"pid":472},{"pid":636                 
                             },{"pid":1032},{"pid":1072},{"pid"                 
                             :1716},{"pid":1792},{"pid":1912},{                 
                             "pid":1988},{"pid":2008},{"pid":20                 
                             16},{"pid":2036},{"pid":2068},{"pi                 
                             d":2124},{"pid":2140},{"pid":2184}                 
                             ,{"pid":2204},{"pid":2220},{"pid":                 
                             2292},{"pid":2344},{"pid":2500},{"                 
                             pid":2540},{"pid":2636},{"pid":266                 
                             0},{"pid":2664},{"pid":2672},{"pid                 
                             ":2680},{"pid":2688},{"pid":2740},                 
                             {"pid":2792},{"pid":2800},{"pid":2                 
                             808},{"pid":2816},{"pid":2824},{"p                 
                             id":2832},{"pid":2844},{"pid":2864                 
                             },{"pid":2980},{"pid":3052},{"pid"                 
                             :3112},{"pid":3168},{"pid":3192},{                 
                             "pid":3228},{"pid":3236},{"pid":34                 
                             12},{"pid":3456},{"pid":3516},{"pi                 
                             d":3604},{"pid":3692},{"pid":3704}                 
                             ,{"pid":3728},{"pid":3736},{"pid":                 
                             3888},{"pid":3924},{"pid":3928},{"                 
                             pid":4152},{"pid":4160},{"pid":416                 
                             8},{"pid":4184},{"pid":4204},{"pid                 
                             ":4232},{"pid":4236},{"pid":4368},                 
                             {"pid":4376},{"pid":4384},{"pid":4                 
                             420},{"pid":4476},{"pid":4572},{"p                 
                             id":4580},{"pid":4652},{"pid":4720                 
                             },{"pid":4736},{"pid":4784},{"pid"                 
                             :4800},{"pid":5092},{"pid":5124},{                 
                             "pid":5148},{"pid":5192},{"pid":52                 
                             32},{"pid":5360},{"pid":5516},{"pi                 
                             d":5544},{"pid":5740},{"pid":5748}                 
                             ,{"pid":5764},{"pid":5784},{"pid":                 
                             5828},{"pid":5860},{"pid":6068},{"                 
                             pid":6216},{"pid":6248},{"pid":632                 
                             0},{"pid":6384},{"pid":6428},{"pid                 
                             ":6468},{"pid":6580},{"pid":6608},                 
                             {"pid":6620},{"pid":6632},{"pid":6                 
                             664},{"pid":6716},{"pid":6744},{"p                 
                             id":6868},{"pid":6876},{"pid":6916                 
                             },{"pid":6924},{"pid":6952},{"pid"                 
                             :6996},{"pid":7004},{"pid":7028},{                 
                             "pid":7036},{"pid":7048},{"pid":70                 
                             56},{"pid":7068},{"pid":7076},{"pi                 
                             d":7092},{"pid":7100},{"pid":7120}                 
                             ,{"pid":7136},{"pid":7140},{"pid":                 
                             7148},{"pid":7164},{"pid":7208},{"                 
                             pid":7224},{"pid":7280},{"pid":732                 
                             4},{"pid":7340},{"pid":7364},{"pid                 
                             ":7384},{"pid":7404},{"pid":7408},                 
                             {"pid":7436},{"pid":7448},{"pid":7                 
                             532},{"pid":7564},{"pid":7648},{"p                 
                             id":7712},{"pid":7776},{"pid":7828                 
                             },{"pid":7944},{"pid":8396},{"pid"                 
                             :8488},{"pid":8824},{"pid":9176},{                 
                             "pid":9240},{"pid":9248},{"pid":92                 
                             76},{"pid":9292},{"pid":9392},{"pi                 
                             d":9532},{"pid":9616},{"pid":9636}                 
                             ,{"pid":9984},{"pid":10044},{"pid"                 
                             :10132},{"pid":10180},{"pid":10244                 
                             },{"pid":10712},{"pid":10956},{"pi                 
                             d":11096},{"pid":11116},{"pid":111                 
                             68},{"pid":11292},{"pid":11492},{"                 
                             pid":11532},{"pid":11920},{"pid":1                 
                             2616},{"pid":12660},{"pid":12716},                 
                             {"pid":12896},{"pid":12904},{"pid"                 
                             :13008},{"pid":13248},{"pid":13360                 
                             },{"pid":13572},{"pid":13640},{"pi                 
                             d":13776},{"pid":13868},{"pid":139                 
                             68},{"pid":14108},{"pid":14368},{"                 
                             pid":14552},{"pid":14832},{"pid":1                 
                             4864},{"pid":15088},{"pid":15216},                 
                             {"pid":15444},{"pid":15496},{"pid"                 
                             :15612},{"pid":15676},{"pid":15720                 
                             },{"pid":15736},{"pid":15780},{"pi                 
                             d":15880},{"pid":16428},{"pid":166                 
                             04},{"pid":16676},{"pid":16744},{"                 
                             pid":16760},{"pid":17088},{"pid":1                 
                             7124},{"pid":17496},{"pid":18032},                 
                             {"pid":18120},{"pid":18304},{"pid"                 
                             :18512},{"pid":18644},{"pid":18684                 
                             },{"pid":18808},{"pid":19068},{"pi                 
                             d":19104},{"pid":19128},{"pid":192                 
                             96},{"pid":19460},{"pid":19476},{"                 
                             pid":19836},{"pid":19876},{"pid":1                 
                             9980},{"pid":19996},{"pid":20068},                 
                             {"pid":20644},{"pid":20704},{"pid"                 
                             :20792},{"pid":20844},{"pid":20876                 
                             },{"pid":20896},{"pid":21008},{"pi                 
                             d":21164},{"pid":21472},{"pid":216                 
                             16},{"pid":21644},{"pid":21664},{"                 
                             pid":22172},{"pid":22176},{"pid":2                 
                             2220},{"pid":22516},{"pid":22560},                 
                             {"pid":22592},{"pid":22772},{"pid"                 
                             :22800},{"pid":23260},{"pid":23376                 
                             },{"pid":23572},{"pid":23628},{"pi                 
                             d":23824},{"pid":23948},{"pid":239                 
                             88},{"pid":23996},{"pid":24036},{"                 
                             pid":24040},{"pid":24148},{"pid":2                 
                             4368},{"pid":24404},{"pid":24532},                 
                             {"pid":24588},{"pid":24800},{"pid"                 
                             :24808},{"pid":25268},{"pid":25560                 
                             },{"pid":25664},{"pid":25704},{"pi                 
                             d":25792},{"pid":25876},{"pid":259                 
                             12},{"pid":25972},{"pid":26048},{"                 
                             pid":26052},{"pid":26204},{"pid":2                 
                             6516},{"pid":26860},{"pid":27016},                 
                             {"pid":27216},{"pid":27292},{"pid"                 
                             :28068},{"pid":28180},{"pid":28224                 
                             },{"pid":28336},{"pid":28852},{"pi                 
                             d":29028},{"pid":29208},{"pid":297                 
                             72},{"pid":29844},{"pid":30168},{"                 
                             pid":30376},{"pid":30464},{"pid":3                 
                             0848},{"pid":30864},{"pid":31028},                 
                             {"pid":31520},{"pid":31612},{"pid"                 
                             :31720},{"pid":32004},{"pid":32032                 
                             },{"pid":32296},{"pid":32428},{"pi                 
                             d":32692},{"pid":32696},{"pid":327                 
                             00},{"pid":32724},{"pid":32820},{"                 
                             pid":32844},{"pid":33108},{"pid":3                 
                             3128},{"pid":33244},{"pid":33600},                 
                             {"pid":34088},{"pid":34228},{"pid"                 
                             :34244},{"pid":34248},{"pid":34256                 
                             },{"pid":34320},{"pid":34448},{"pi                 
                             d":34476},{"pid":34488},{"pid":345                 
                             60},{"pid":34688},{"pid":34740},{"                 
                             pid":34880},{"pid":34904},{"pid":3                 
                             5072},{"pid":35252},{"pid":36000},                 
                             {"pid":36060},{"pid":36272},{"pid"                 
                             :36356},{"pid":36408},{"pid":36444                 
                             },{"pid":36912},{"pid":37056},{"pi                 
                             d":37408},{"pid":37416},{"pid":375                 
                             20},{"pid":37652},{"pid":38180},{"                 
                             pid":38224},{"pid":38280},{"pid":3                 
                             8560},{"pid":38700},{"pid":38724},                 
                             {"pid":39032},{"pid":39044},{"pid"                 
                             :39096},{"pid":39344},{"pid":39428                 
                             },{"pid":39452},{"pid":39548},{"pi                 
                             d":39596},{"pid":39676},{"pid":397                 
                             72},{"pid":39868},{"pid":40192},{"                 
                             pid":40328},{"pid":40376},{"pid":4                 
                             0432},{"pid":40444},{"pid":40516},                 
                             {"pid":40568},{"pid":40680},{"pid"                 
                             :40868},{"pid":41024},{"pid":41096                 
                             },{"pid":41176},{"pid":41380},{"pi                 
                             d":41400},{"pid":41464},{"pid":418                 
                             04},{"pid":42064},{"pid":42116},{"                 
                             pid":42128},{"pid":42392},{"pid":4                 
                             2408},{"pid":42496},{"pid":42632},                 
                             {"pid":42700},{"pid":42716},{"pid"                 
                             :42736},{"pid":42868},{"pid":43056                 
                             },{"pid":43244},{"pid":43596},{"pi                 
                             d":43660},{"pid":43720},{"pid":437                 
                             44},{"pid":43780},{"pid":43976},{"                 
                             pid":44012},{"pid":44024},{"pid":4                 
                             4276},{"pid":44808},{"pid":44864},                 
                             {"pid":44928},{"pid":44940},{"pid"                 
                             :44960},{"pid":44988},{"pid":45084                 
                             },{"pid":45120},{"pid":45220},{"pi                 
                             d":45372},{"pid":45544},{"pid":455                 
                             84},{"pid":45664},{"pid":45772},{"                 
                             pid":45824},{"pid":46008},{"pid":4                 
                             6124},{"pid":46224},{"pid":46232},                 
                             {"pid":46264},{"pid":46316},{"pid"                 
                             :46508},{"pid":46524},{"pid":46640                 
                             },{"pid":46688},{"pid":46780},{"pi                 
                             d":47028},{"pid":47056},{"pid":471                 
                             20},{"pid":47348},{"pid":47480},{"                 
                             pid":48500},{"pid":48692},{"pid":4                 
                             8772},{"pid":48976},{"pid":49024},                 
                             {"pid":49068},{"pid":49124},{"pid"                 
                             :49412},{"pid":49440},{"pid":49628                 
                             },{"pid":49912},{"pid":49924},{"pi                 
                             d":50268},{"pid":50608},{"pid":506                 
                             32},{"pid":50924},{"pid":50988},{"                 
                             pid":52160},{"pid":52336},{"pid":5                 
                             2636},{"pid":53352},{"pid":53536},                 
                             {"pid":54040}],"swap_memory":{"tot                 
                             al":35752800256,"used":35059216384                 
                             ,"free":693583872,"usedPercent":98                 
                             .06005720661389,"sin":0,"sout":0,"                 
                             pgIn":0,"pgOut":0,"pgFault":0,"pgM                 
                             ajFault":0}}                                       
                                                                                
[2026-01-01 09:20:25 -0500] [322995] [INFO] 127.0.0.1:38348 POST /fuck/function 1.1 200 12657 308448
[2026-01-01 09:20:25 -0500] [323085] [INFO] 127.0.0.1:55934 POST /fuck/requests_to_function 1.1 200 12657 348260
[01/01/26 09:20:27] INFO     2026-01-01 09:20:27,294 - INFO -  server_api.py:182
                             Received function request                          
                    INFO     2026-01-01 09:20:27,299 - INFO -  server_api.py:137
                             Performing security verification                   
                    INFO     2026-01-01 09:20:27,308 - INFO -  server_api.py:143
                             Verification passed                                
                    WARNING  2026-01-01 09:20:27,312 - WARNING server_api.py:192
                             - Function name not provided                       
[2026-01-01 09:20:27 -0500] [322995] [INFO] 127.0.0.1:39392 POST /fuck/function 1.1 400 39 23622
                    INFO     2026-01-01 09:20:27,324 - INFO -  server_api.py:182
                             Received function request                          
                    INFO     2026-01-01 09:20:27,328 - INFO -  server_api.py:137
                             Performing security verification                   
                    INFO     2026-01-01 09:20:27,337 - INFO -  server_api.py:143
                             Verification passed                                
                    INFO     2026-01-01 09:20:27,341 - INFO -  server_api.py:196
                             Requested function：systeminfo                     
                    INFO     2026-01-01 09:20:27,345 - INFO -   server_api.py:44
                             Server initialization                              
                    INFO     2026-01-01 09:20:27,350 - INFO -  server_api.py:213
                             Target                                             
                             device：686f484a-1e42-4a8a-b147-0                  
                             b33f0ebfdbf                                        
                    INFO     2026-01-01 09:20:27,354 - INFO -   server_api.py:51
                             Getting client list                                
                    INFO     2026-01-01 09:20:27,358 - INFO -   server_api.py:63
                             Device list：[{'id':                               
                             '686f484a-1e42-4a8a-b147-0b33f0ebf                 
                             dbf', 'ip': '192.168.1.10:55955',                  
                             'systeminfo': 'windows                             
                             LAPTOP-CGJ3M523 10.0.26100.3624                    
                             Build 26100.3624 10.0.26100.3624                   
                             Build 26100.3624 x86_64 AMD Ryzen                  
                             9 8945HX with Radeon Graphics                      
                             '}, {'id':                                         
                             '90910a9c-5f9f-42a7-962c-4f42cf668                 
                             461', 'ip': '192.168.1.10:55956',                  
                             'systeminfo': 'windows                             
                             LAPTOP-CGJ3M523 10.0.26100.3624                    
                             Build 26100.3624 10.0.26100.3624                   
                             Build 26100.3624 x86_64 AMD Ryzen                  
                             9 8945HX with Radeon Graphics                      
                             '}]                                                
                    INFO     2026-01-01 09:20:27,366 - INFO -   server_api.py:87
                             Initializing client                                
                             controller：686f484a-1e42-4a8a-b14                 
                             7-0b33f0ebfdbf                                     
                    INFO     2026-01-01 09:20:27,371 - INFO -   server_api.py:92
                             Getting device system information                  
                    INFO     2026-01-01 09:20:27,472 - INFO -   server_api.py:96
                             System                                             
                             information：{"cpu":[{"cpu":0,"ven                 
                             dorId":"AuthenticAMD","family":"10                 
                             7","model":"","stepping":0,"physic                 
                             alId":"178BFBFF00A60F12","coreId":                 
                             "","cores":32,"modelName":"AMD                     
                             Ryzen 9 8945HX with Radeon                         
                             Graphics                                           
                             ","mhz":2501,"cacheSize":0,"flags"                 
                             :[],"microcode":""}],"disk_usage":                 
                             {"path":"C:","fstype":"","total":4                 
                             29497774080,"free":163766202368,"u                 
                             sed":265731571712,"usedPercent":61                 
                             .87030242035754,"inodesTotal":0,"i                 
                             nodesUsed":0,"inodesFree":0,"inode                 
                             sUsedPercent":0},"host":{"hostname                 
                             ":"LAPTOP-CGJ3M523","uptime":37733                 
                             1,"bootTime":1766899895,"procs":44                 
                             4,"os":"windows","platform":"Micro                 
                             soft Windows 11 Home                               
                             China","platformFamily":"Standalon                 
                             e                                                  
                             Workstation","platformVersion":"10                 
                             .0.26100.3624 Build                                
                             26100.3624","kernelVersion":"10.0.                 
                             26100.3624 Build                                   
                             26100.3624","kernelArch":"x86_64",                 
                             "virtualizationSystem":"","virtual                 
                             izationRole":"","hostId":"53d2bd44                 
                             -d228-4e82-966b-f0370c23a148"},"in                 
                             terfaces":[{"index":7,"mtu":1500,"                 
                             name":"WLAN                                        
                             2","hardwareAddr":"ae:f2:3c:08:0f:                 
                             f3","flags":["broadcast","multicas                 
                             t"],"addrs":[{"addr":"fe80::e586:b                 
                             1f7:3f64:e579/64"},{"addr":"169.25                 
                             4.122.219/16"}]},{"index":9,"mtu":                 
                             1500,"name":"WLAN                                  
                             5","hardwareAddr":"ae:f2:3c:08:1f:                 
                             e3","flags":["broadcast","multicas                 
                             t"],"addrs":[{"addr":"fe80::8b78:7                 
                             fb9:6eea:b008/64"},{"addr":"169.25                 
                             4.194.5/16"}]},{"index":17,"mtu":1                 
                             492,"name":"WLAN","hardwareAddr":"                 
                             ac:f2:3c:08:2f:d3","flags":["up","                 
                             broadcast","multicast"],"addrs":[{                 
                             "addr":"2408:8226:241:79f0:e220:d1                 
                             f7:290a:493a/64"},{"addr":"2408:82                 
                             26:241:79f0:5077:57f0:4438:52d7/12                 
                             8"},{"addr":"2408:8226:241:79f0:6c                 
                             62:5d33:1d52:5154/128"},{"addr":"2                 
                             408:8226:241:79f0:b952:cfc2:fbb0:7                 
                             54d/128"},{"addr":"fe80::29a0:59f:                 
                             bc8b:7105/64"},{"addr":"192.168.1.                 
                             10/24"}]},{"index":19,"mtu":1500,"                 
                             name":"蓝牙网络连接","hardwareAddr                 
                             ":"ac:f2:3c:08:2f:d4","flags":["br                 
                             oadcast","multicast"],"addrs":[{"a                 
                             ddr":"fe80::7c17:221f:abf3:523b/64                 
                             "},{"addr":"169.254.34.95/16"}]},{                 
                             "index":20,"mtu":1500,"name":"以太                 
                             网","hardwareAddr":"c8:53:09:e1:68                 
                             :c3","flags":["broadcast","multica                 
                             st"],"addrs":[{"addr":"fe80::e59b:                 
                             85b5:552a:aea7/64"},{"addr":"169.2                 
                             54.229.102/16"}]},{"index":1,"mtu"                 
                             :-1,"name":"Loopback                               
                             Pseudo-Interface                                   
                             1","hardwareAddr":"","flags":["up"                 
                             ,"loopback","multicast"],"addrs":[                 
                             {"addr":"::1/128"},{"addr":"127.0.                 
                             0.1/8"}]}],"io_disk":{"C:":{"readC                 
                             ount":1319128,"mergedReadCount":0,                 
                             "writeCount":1742757,"mergedWriteC                 
                             ount":0,"readBytes":67027580928,"w                 
                             riteBytes":57399104000,"readTime":                 
                             724,"writeTime":1193,"iopsInProgre                 
                             ss":0,"ioTime":0,"weightedIO":0,"n                 
                             ame":"C:","serialNumber":"","label                 
                             ":""},"D:":{"readCount":126668,"me                 
                             rgedReadCount":0,"writeCount":5232                 
                             3,"mergedWriteCount":0,"readBytes"                 
                             :9066870272,"writeBytes":289558118                 
                             4,"readTime":124,"writeTime":23,"i                 
                             opsInProgress":0,"ioTime":0,"weigh                 
                             tedIO":0,"name":"D:","serialNumber                 
                             ":"","label":""},"E:":{"readCount"                 
                             :44554,"mergedReadCount":0,"writeC                 
                             ount":7213,"mergedWriteCount":0,"r                 
                             eadBytes":2862856704,"writeBytes":                 
                             279695360,"readTime":32,"writeTime                 
                             ":3,"iopsInProgress":0,"ioTime":0,                 
                             "weightedIO":0,"name":"E:","serial                 
                             Number":"","label":""}},"io_networ                 
                             k":[{"name":"WLAN                                  
                             2","bytesSent":0,"bytesRecv":0,"pa                 
                             cketsSent":0,"packetsRecv":0,"erri                 
                             n":0,"errout":0,"dropin":0,"dropou                 
                             t":0,"fifoin":0,"fifoout":0},{"nam                 
                             e":"WLAN                                           
                             5","bytesSent":0,"bytesRecv":0,"pa                 
                             cketsSent":0,"packetsRecv":0,"erri                 
                             n":0,"errout":0,"dropin":0,"dropou                 
                             t":0,"fifoin":0,"fifoout":0},{"nam                 
                             e":"WLAN","bytesSent":317999477,"b                 
                             ytesRecv":4828012730,"packetsSent"                 
                             :1240947,"packetsRecv":2826016,"er                 
                             rin":0,"errout":0,"dropin":0,"drop                 
                             out":0,"fifoin":0,"fifoout":0},{"n                 
                             ame":"蓝牙网络连接","bytesSent":0,                 
                             "bytesRecv":0,"packetsSent":0,"pac                 
                             ketsRecv":0,"errin":0,"errout":0,"                 
                             dropin":0,"dropout":0,"fifoin":0,"                 
                             fifoout":0},{"name":"以太网","byte                 
                             sSent":0,"bytesRecv":0,"packetsSen                 
                             t":0,"packetsRecv":0,"errin":0,"er                 
                             rout":0,"dropin":0,"dropout":0,"fi                 
                             foin":0,"fifoout":0},{"name":"Loop                 
                             back Pseudo-Interface                              
                             1","bytesSent":0,"bytesRecv":0,"pa                 
                             cketsSent":0,"packetsRecv":0,"erri                 
                             n":0,"errout":0,"dropin":0,"dropou                 
                             t":0,"fifoin":0,"fifoout":0}],"mem                 
                             ory":{"total":33605316608,"availab                 
                             le":15911665664,"used":17693650944                 
                             ,"usedPercent":52,"free":159116656                 
                             64,"active":0,"inactive":0,"wired"                 
                             :0,"laundry":0,"buffers":0,"cached                 
                             ":0,"writeBack":0,"dirty":0,"write                 
                             BackTmp":0,"shared":0,"slab":0,"sr                 
                             eclaimable":0,"sunreclaim":0,"page                 
                             Tables":0,"swapCached":0,"commitLi                 
                             mit":0,"committedAS":0,"highTotal"                 
                             :0,"highFree":0,"lowTotal":0,"lowF                 
                             ree":0,"swapTotal":0,"swapFree":0,                 
                             "mapped":0,"vmallocTotal":0,"vmall                 
                             ocUsed":0,"vmallocChunk":0,"hugePa                 
                             gesTotal":0,"hugePagesFree":0,"hug                 
                             ePagesRsvd":0,"hugePagesSurp":0,"h                 
                             ugePageSize":0,"anonHugePages":0},                 
                             "partition":[{"device":"C:","mount                 
                             point":"C:","fstype":"NTFS","opts"                 
                             :["rw","compress"]},{"device":"D:"                 
                             ,"mountpoint":"D:","fstype":"NTFS"                 
                             ,"opts":["rw","compress"]},{"devic                 
                             e":"E:","mountpoint":"E:","fstype"                 
                             :"NTFS","opts":["rw","compress"]}]                 
                             ,"processes":[{"pid":0},{"pid":4},                 
                             {"pid":428},{"pid":472},{"pid":636                 
                             },{"pid":1032},{"pid":1072},{"pid"                 
                             :1716},{"pid":1792},{"pid":1912},{                 
                             "pid":1988},{"pid":2008},{"pid":20                 
                             16},{"pid":2036},{"pid":2068},{"pi                 
                             d":2124},{"pid":2140},{"pid":2184}                 
                             ,{"pid":2204},{"pid":2220},{"pid":                 
                             2292},{"pid":2344},{"pid":2500},{"                 
                             pid":2540},{"pid":2636},{"pid":266                 
                             0},{"pid":2664},{"pid":2672},{"pid                 
                             ":2680},{"pid":2688},{"pid":2740},                 
                             {"pid":2792},{"pid":2800},{"pid":2                 
                             808},{"pid":2816},{"pid":2824},{"p                 
                             id":2832},{"pid":2844},{"pid":2864                 
                             },{"pid":2980},{"pid":3052},{"pid"                 
                             :3112},{"pid":3168},{"pid":3192},{                 
                             "pid":3228},{"pid":3236},{"pid":34                 
                             12},{"pid":3456},{"pid":3516},{"pi                 
                             d":3604},{"pid":3692},{"pid":3704}                 
                             ,{"pid":3728},{"pid":3736},{"pid":                 
                             3888},{"pid":3924},{"pid":3928},{"                 
                             pid":4152},{"pid":4160},{"pid":416                 
                             8},{"pid":4184},{"pid":4204},{"pid                 
                             ":4232},{"pid":4236},{"pid":4368},                 
                             {"pid":4376},{"pid":4384},{"pid":4                 
                             420},{"pid":4476},{"pid":4572},{"p                 
                             id":4580},{"pid":4652},{"pid":4720                 
                             },{"pid":4736},{"pid":4784},{"pid"                 
                             :4800},{"pid":5092},{"pid":5124},{                 
                             "pid":5148},{"pid":5192},{"pid":52                 
                             32},{"pid":5360},{"pid":5516},{"pi                 
                             d":5544},{"pid":5740},{"pid":5748}                 
                             ,{"pid":5764},{"pid":5784},{"pid":                 
                             5828},{"pid":5860},{"pid":6068},{"                 
                             pid":6216},{"pid":6248},{"pid":632                 
                             0},{"pid":6384},{"pid":6428},{"pid                 
                             ":6468},{"pid":6580},{"pid":6608},                 
                             {"pid":6620},{"pid":6632},{"pid":6                 
                             664},{"pid":6716},{"pid":6744},{"p                 
                             id":6868},{"pid":6876},{"pid":6916                 
                             },{"pid":6924},{"pid":6952},{"pid"                 
                             :6996},{"pid":7004},{"pid":7028},{                 
                             "pid":7036},{"pid":7048},{"pid":70                 
                             56},{"pid":7068},{"pid":7076},{"pi                 
                             d":7092},{"pid":7100},{"pid":7120}                 
                             ,{"pid":7136},{"pid":7140},{"pid":                 
                             7148},{"pid":7164},{"pid":7208},{"                 
                             pid":7224},{"pid":7280},{"pid":732                 
                             4},{"pid":7340},{"pid":7364},{"pid                 
                             ":7384},{"pid":7404},{"pid":7408},                 
                             {"pid":7436},{"pid":7448},{"pid":7                 
                             532},{"pid":7564},{"pid":7648},{"p                 
                             id":7712},{"pid":7776},{"pid":7828                 
                             },{"pid":7944},{"pid":8396},{"pid"                 
                             :8488},{"pid":8824},{"pid":9176},{                 
                             "pid":9240},{"pid":9248},{"pid":92                 
                             76},{"pid":9292},{"pid":9392},{"pi                 
                             d":9532},{"pid":9616},{"pid":9636}                 
                             ,{"pid":9984},{"pid":10044},{"pid"                 
                             :10132},{"pid":10180},{"pid":10244                 
                             },{"pid":10712},{"pid":10956},{"pi                 
                             d":11096},{"pid":11116},{"pid":111                 
                             68},{"pid":11292},{"pid":11492},{"                 
                             pid":11532},{"pid":11920},{"pid":1                 
                             2616},{"pid":12660},{"pid":12716},                 
                             {"pid":12896},{"pid":12904},{"pid"                 
                             :13008},{"pid":13248},{"pid":13360                 
                             },{"pid":13572},{"pid":13640},{"pi                 
                             d":13776},{"pid":13868},{"pid":139                 
                             68},{"pid":14108},{"pid":14368},{"                 
                             pid":14552},{"pid":14832},{"pid":1                 
                             4864},{"pid":15088},{"pid":15216},                 
                             {"pid":15444},{"pid":15496},{"pid"                 
                             :15612},{"pid":15676},{"pid":15720                 
                             },{"pid":15736},{"pid":15780},{"pi                 
                             d":15880},{"pid":16428},{"pid":166                 
                             04},{"pid":16676},{"pid":16744},{"                 
                             pid":16760},{"pid":17088},{"pid":1                 
                             7124},{"pid":17496},{"pid":18032},                 
                             {"pid":18120},{"pid":18304},{"pid"                 
                             :18512},{"pid":18644},{"pid":18684                 
                             },{"pid":18808},{"pid":19068},{"pi                 
                             d":19104},{"pid":19128},{"pid":192                 
                             96},{"pid":19460},{"pid":19476},{"                 
                             pid":19836},{"pid":19876},{"pid":1                 
                             9980},{"pid":19996},{"pid":20068},                 
                             {"pid":20644},{"pid":20704},{"pid"                 
                             :20792},{"pid":20844},{"pid":20876                 
                             },{"pid":20896},{"pid":21008},{"pi                 
                             d":21164},{"pid":21472},{"pid":216                 
                             16},{"pid":21644},{"pid":21664},{"                 
                             pid":22172},{"pid":22176},{"pid":2                 
                             2220},{"pid":22516},{"pid":22560},                 
                             {"pid":22592},{"pid":22772},{"pid"                 
                             :22800},{"pid":23260},{"pid":23376                 
                             },{"pid":23572},{"pid":23628},{"pi                 
                             d":23824},{"pid":23948},{"pid":239                 
                             88},{"pid":23996},{"pid":24036},{"                 
                             pid":24040},{"pid":24148},{"pid":2                 
                             4368},{"pid":24404},{"pid":24532},                 
                             {"pid":24588},{"pid":24800},{"pid"                 
                             :24808},{"pid":25268},{"pid":25560                 
                             },{"pid":25664},{"pid":25704},{"pi                 
                             d":25792},{"pid":25876},{"pid":259                 
                             12},{"pid":25972},{"pid":26048},{"                 
                             pid":26052},{"pid":26204},{"pid":2                 
                             6516},{"pid":26860},{"pid":27016},                 
                             {"pid":27216},{"pid":27292},{"pid"                 
                             :28068},{"pid":28180},{"pid":28224                 
                             },{"pid":28336},{"pid":28852},{"pi                 
                             d":29028},{"pid":29208},{"pid":297                 
                             72},{"pid":29844},{"pid":30168},{"                 
                             pid":30376},{"pid":30464},{"pid":3                 
                             0848},{"pid":30864},{"pid":31028},                 
                             {"pid":31520},{"pid":31612},{"pid"                 
                             :31720},{"pid":32004},{"pid":32032                 
                             },{"pid":32296},{"pid":32428},{"pi                 
                             d":32692},{"pid":32696},{"pid":327                 
                             00},{"pid":32724},{"pid":32820},{"                 
                             pid":32844},{"pid":33108},{"pid":3                 
                             3128},{"pid":33244},{"pid":33600},                 
                             {"pid":34088},{"pid":34228},{"pid"                 
                             :34244},{"pid":34248},{"pid":34256                 
                             },{"pid":34320},{"pid":34448},{"pi                 
                             d":34476},{"pid":34488},{"pid":345                 
                             60},{"pid":34688},{"pid":34740},{"                 
                             pid":34880},{"pid":34904},{"pid":3                 
                             5072},{"pid":35252},{"pid":36000},                 
                             {"pid":36060},{"pid":36272},{"pid"                 
                             :36356},{"pid":36408},{"pid":36444                 
                             },{"pid":36912},{"pid":37056},{"pi                 
                             d":37408},{"pid":37416},{"pid":375                 
                             20},{"pid":37652},{"pid":38180},{"                 
                             pid":38224},{"pid":38280},{"pid":3                 
                             8560},{"pid":38700},{"pid":38724},                 
                             {"pid":39032},{"pid":39044},{"pid"                 
                             :39096},{"pid":39344},{"pid":39428                 
                             },{"pid":39452},{"pid":39548},{"pi                 
                             d":39596},{"pid":39676},{"pid":397                 
                             72},{"pid":39868},{"pid":40192},{"                 
                             pid":40328},{"pid":40376},{"pid":4                 
                             0432},{"pid":40444},{"pid":40516},                 
                             {"pid":40568},{"pid":40680},{"pid"                 
                             :40868},{"pid":41024},{"pid":41096                 
                             },{"pid":41176},{"pid":41380},{"pi                 
                             d":41400},{"pid":41464},{"pid":418                 
                             04},{"pid":42064},{"pid":42116},{"                 
                             pid":42128},{"pid":42392},{"pid":4                 
                             2408},{"pid":42496},{"pid":42632},                 
                             {"pid":42700},{"pid":42716},{"pid"                 
                             :42736},{"pid":42868},{"pid":43056                 
                             },{"pid":43244},{"pid":43596},{"pi                 
                             d":43660},{"pid":43720},{"pid":437                 
                             44},{"pid":43780},{"pid":43976},{"                 
                             pid":44012},{"pid":44024},{"pid":4                 
                             4276},{"pid":44808},{"pid":44864},                 
                             {"pid":44928},{"pid":44940},{"pid"                 
                             :44960},{"pid":44988},{"pid":45084                 
                             },{"pid":45120},{"pid":45220},{"pi                 
                             d":45372},{"pid":45544},{"pid":455                 
                             84},{"pid":45664},{"pid":45772},{"                 
                             pid":45824},{"pid":46008},{"pid":4                 
                             6124},{"pid":46224},{"pid":46232},                 
                             {"pid":46264},{"pid":46316},{"pid"                 
                             :46508},{"pid":46524},{"pid":46640                 
                             },{"pid":46688},{"pid":46780},{"pi                 
                             d":47028},{"pid":47056},{"pid":471                 
                             20},{"pid":47348},{"pid":47480},{"                 
                             pid":48500},{"pid":48692},{"pid":4                 
                             8772},{"pid":48976},{"pid":49024},                 
                             {"pid":49068},{"pid":49124},{"pid"                 
                             :49412},{"pid":49440},{"pid":49628                 
                             },{"pid":49912},{"pid":49924},{"pi                 
                             d":50268},{"pid":50608},{"pid":506                 
                             32},{"pid":50924},{"pid":50988},{"                 
                             pid":52160},{"pid":52336},{"pid":5                 
                             2636},{"pid":53352},{"pid":53536},                 
                             {"pid":54040}],"swap_memory":{"tot                 
                             al":35752800256,"used":35058446336                 
                             ,"free":694353920,"usedPercent":98                 
                             .0579033948999,"sin":0,"sout":0,"p                 
                             gIn":0,"pgOut":0,"pgFault":0,"pgMa                 
                             jFault":0}}                                        
                                                                                
[2026-01-01 09:20:27 -0500] [322995] [INFO] 127.0.0.1:39404 POST /fuck/function 1.1 200 12656 305061
[2026-01-01 09:20:27 -0500] [323085] [INFO] 127.0.0.1:55934 POST /fuck/requests_to_function 1.1 200 12656 341964
[01/01/26 09:20:29] INFO     2026-01-01 09:20:29,132 - INFO -  server_api.py:182
                             Received function request                          
                    INFO     2026-01-01 09:20:29,137 - INFO -  server_api.py:137
                             Performing security verification                   
                    INFO     2026-01-01 09:20:29,147 - INFO -  server_api.py:143
                             Verification passed                                
                    WARNING  2026-01-01 09:20:29,151 - WARNING server_api.py:192
                             - Function name not provided                       
[2026-01-01 09:20:29 -0500] [322995] [INFO] 127.0.0.1:39408 POST /fuck/function 1.1 400 39 24882
                    INFO     2026-01-01 09:20:29,163 - INFO -  server_api.py:182
                             Received function request                          
                    INFO     2026-01-01 09:20:29,167 - INFO -  server_api.py:137
                             Performing security verification                   
                    INFO     2026-01-01 09:20:29,176 - INFO -  server_api.py:143
                             Verification passed                                
                    INFO     2026-01-01 09:20:29,181 - INFO -  server_api.py:196
                             Requested function：systeminfo                     
                    INFO     2026-01-01 09:20:29,186 - INFO -   server_api.py:44
                             Server initialization                              
                    INFO     2026-01-01 09:20:29,190 - INFO -  server_api.py:213
                             Target                                             
                             device：686f484a-1e42-4a8a-b147-0                  
                             b33f0ebfdbf                                        
                    INFO     2026-01-01 09:20:29,195 - INFO -   server_api.py:51
                             Getting client list                                
                    INFO     2026-01-01 09:20:29,200 - INFO -   server_api.py:63
                             Device list：[{'id':                               
                             '686f484a-1e42-4a8a-b147-0b33f0ebf                 
                             dbf', 'ip': '192.168.1.10:55955',                  
                             'systeminfo': 'windows                             
                             LAPTOP-CGJ3M523 10.0.26100.3624                    
                             Build 26100.3624 10.0.26100.3624                   
                             Build 26100.3624 x86_64 AMD Ryzen                  
                             9 8945HX with Radeon Graphics                      
                             '}, {'id':                                         
                             '90910a9c-5f9f-42a7-962c-4f42cf668                 
                             461', 'ip': '192.168.1.10:55956',                  
                             'systeminfo': 'windows                             
                             LAPTOP-CGJ3M523 10.0.26100.3624                    
                             Build 26100.3624 10.0.26100.3624                   
                             Build 26100.3624 x86_64 AMD Ryzen                  
                             9 8945HX with Radeon Graphics                      
                             '}]                                                
                    INFO     2026-01-01 09:20:29,210 - INFO -   server_api.py:87
                             Initializing client                                
                             controller：686f484a-1e42-4a8a-b14                 
                             7-0b33f0ebfdbf                                     
                    INFO     2026-01-01 09:20:29,215 - INFO -   server_api.py:92
                             Getting device system information                  
                    INFO     2026-01-01 09:20:29,317 - INFO -   server_api.py:96
                             System                                             
                             information：{"cpu":[{"cpu":0,"ven                 
                             dorId":"AuthenticAMD","family":"10                 
                             7","model":"","stepping":0,"physic                 
                             alId":"178BFBFF00A60F12","coreId":                 
                             "","cores":32,"modelName":"AMD                     
                             Ryzen 9 8945HX with Radeon                         
                             Graphics                                           
                             ","mhz":2501,"cacheSize":0,"flags"                 
                             :[],"microcode":""}],"disk_usage":                 
                             {"path":"C:","fstype":"","total":4                 
                             29497774080,"free":163766071296,"u                 
                             sed":265731702784,"usedPercent":61                 
                             .87033293786145,"inodesTotal":0,"i                 
                             nodesUsed":0,"inodesFree":0,"inode                 
                             sUsedPercent":0},"host":{"hostname                 
                             ":"LAPTOP-CGJ3M523","uptime":37733                 
                             3,"bootTime":1766899895,"procs":44                 
                             4,"os":"windows","platform":"Micro                 
                             soft Windows 11 Home                               
                             China","platformFamily":"Standalon                 
                             e                                                  
                             Workstation","platformVersion":"10                 
                             .0.26100.3624 Build                                
                             26100.3624","kernelVersion":"10.0.                 
                             26100.3624 Build                                   
                             26100.3624","kernelArch":"x86_64",                 
                             "virtualizationSystem":"","virtual                 
                             izationRole":"","hostId":"53d2bd44                 
                             -d228-4e82-966b-f0370c23a148"},"in                 
                             terfaces":[{"index":7,"mtu":1500,"                 
                             name":"WLAN                                        
                             2","hardwareAddr":"ae:f2:3c:08:0f:                 
                             f3","flags":["broadcast","multicas                 
                             t"],"addrs":[{"addr":"fe80::e586:b                 
                             1f7:3f64:e579/64"},{"addr":"169.25                 
                             4.122.219/16"}]},{"index":9,"mtu":                 
                             1500,"name":"WLAN                                  
                             5","hardwareAddr":"ae:f2:3c:08:1f:                 
                             e3","flags":["broadcast","multicas                 
                             t"],"addrs":[{"addr":"fe80::8b78:7                 
                             fb9:6eea:b008/64"},{"addr":"169.25                 
                             4.194.5/16"}]},{"index":17,"mtu":1                 
                             492,"name":"WLAN","hardwareAddr":"                 
                             ac:f2:3c:08:2f:d3","flags":["up","                 
                             broadcast","multicast"],"addrs":[{                 
                             "addr":"2408:8226:241:79f0:e220:d1                 
                             f7:290a:493a/64"},{"addr":"2408:82                 
                             26:241:79f0:5077:57f0:4438:52d7/12                 
                             8"},{"addr":"2408:8226:241:79f0:6c                 
                             62:5d33:1d52:5154/128"},{"addr":"2                 
                             408:8226:241:79f0:b952:cfc2:fbb0:7                 
                             54d/128"},{"addr":"fe80::29a0:59f:                 
                             bc8b:7105/64"},{"addr":"192.168.1.                 
                             10/24"}]},{"index":19,"mtu":1500,"                 
                             name":"蓝牙网络连接","hardwareAddr                 
                             ":"ac:f2:3c:08:2f:d4","flags":["br                 
                             oadcast","multicast"],"addrs":[{"a                 
                             ddr":"fe80::7c17:221f:abf3:523b/64                 
                             "},{"addr":"169.254.34.95/16"}]},{                 
                             "index":20,"mtu":1500,"name":"以太                 
                             网","hardwareAddr":"c8:53:09:e1:68                 
                             :c3","flags":["broadcast","multica                 
                             st"],"addrs":[{"addr":"fe80::e59b:                 
                             85b5:552a:aea7/64"},{"addr":"169.2                 
                             54.229.102/16"}]},{"index":1,"mtu"                 
                             :-1,"name":"Loopback                               
                             Pseudo-Interface                                   
                             1","hardwareAddr":"","flags":["up"                 
                             ,"loopback","multicast"],"addrs":[                 
                             {"addr":"::1/128"},{"addr":"127.0.                 
                             0.1/8"}]}],"io_disk":{"C:":{"readC                 
                             ount":1319144,"mergedReadCount":0,                 
                             "writeCount":1742820,"mergedWriteC                 
                             ount":0,"readBytes":67035363328,"w                 
                             riteBytes":57400119808,"readTime":                 
                             724,"writeTime":1193,"iopsInProgre                 
                             ss":0,"ioTime":0,"weightedIO":0,"n                 
                             ame":"C:","serialNumber":"","label                 
                             ":""},"D:":{"readCount":126668,"me                 
                             rgedReadCount":0,"writeCount":5232                 
                             3,"mergedWriteCount":0,"readBytes"                 
                             :9066870272,"writeBytes":289558118                 
                             4,"readTime":124,"writeTime":23,"i                 
                             opsInProgress":0,"ioTime":0,"weigh                 
                             tedIO":0,"name":"D:","serialNumber                 
                             ":"","label":""},"E:":{"readCount"                 
                             :44554,"mergedReadCount":0,"writeC                 
                             ount":7213,"mergedWriteCount":0,"r                 
                             eadBytes":2862856704,"writeBytes":                 
                             279695360,"readTime":32,"writeTime                 
                             ":3,"iopsInProgress":0,"ioTime":0,                 
                             "weightedIO":0,"name":"E:","serial                 
                             Number":"","label":""}},"io_networ                 
                             k":[{"name":"WLAN                                  
                             2","bytesSent":0,"bytesRecv":0,"pa                 
                             cketsSent":0,"packetsRecv":0,"erri                 
                             n":0,"errout":0,"dropin":0,"dropou                 
                             t":0,"fifoin":0,"fifoout":0},{"nam                 
                             e":"WLAN                                           
                             5","bytesSent":0,"bytesRecv":0,"pa                 
                             cketsSent":0,"packetsRecv":0,"erri                 
                             n":0,"errout":0,"dropin":0,"dropou                 
                             t":0,"fifoin":0,"fifoout":0},{"nam                 
                             e":"WLAN","bytesSent":318022936,"b                 
                             ytesRecv":4828014400,"packetsSent"                 
                             :1240975,"packetsRecv":2826040,"er                 
                             rin":0,"errout":0,"dropin":0,"drop                 
                             out":0,"fifoin":0,"fifoout":0},{"n                 
                             ame":"蓝牙网络连接","bytesSent":0,                 
                             "bytesRecv":0,"packetsSent":0,"pac                 
                             ketsRecv":0,"errin":0,"errout":0,"                 
                             dropin":0,"dropout":0,"fifoin":0,"                 
                             fifoout":0},{"name":"以太网","byte                 
                             sSent":0,"bytesRecv":0,"packetsSen                 
                             t":0,"packetsRecv":0,"errin":0,"er                 
                             rout":0,"dropin":0,"dropout":0,"fi                 
                             foin":0,"fifoout":0},{"name":"Loop                 
                             back Pseudo-Interface                              
                             1","bytesSent":0,"bytesRecv":0,"pa                 
                             cketsSent":0,"packetsRecv":0,"erri                 
                             n":0,"errout":0,"dropin":0,"dropou                 
                             t":0,"fifoin":0,"fifoout":0}],"mem                 
                             ory":{"total":33605316608,"availab                 
                             le":15900200960,"used":17705115648                 
                             ,"usedPercent":52,"free":159002009                 
                             60,"active":0,"inactive":0,"wired"                 
                             :0,"laundry":0,"buffers":0,"cached                 
                             ":0,"writeBack":0,"dirty":0,"write                 
                             BackTmp":0,"shared":0,"slab":0,"sr                 
                             eclaimable":0,"sunreclaim":0,"page                 
                             Tables":0,"swapCached":0,"commitLi                 
                             mit":0,"committedAS":0,"highTotal"                 
                             :0,"highFree":0,"lowTotal":0,"lowF                 
                             ree":0,"swapTotal":0,"swapFree":0,                 
                             "mapped":0,"vmallocTotal":0,"vmall                 
                             ocUsed":0,"vmallocChunk":0,"hugePa                 
                             gesTotal":0,"hugePagesFree":0,"hug                 
                             ePagesRsvd":0,"hugePagesSurp":0,"h                 
                             ugePageSize":0,"anonHugePages":0},                 
                             "partition":[{"device":"C:","mount                 
                             point":"C:","fstype":"NTFS","opts"                 
                             :["rw","compress"]},{"device":"D:"                 
                             ,"mountpoint":"D:","fstype":"NTFS"                 
                             ,"opts":["rw","compress"]},{"devic                 
                             e":"E:","mountpoint":"E:","fstype"                 
                             :"NTFS","opts":["rw","compress"]}]                 
                             ,"processes":[{"pid":0},{"pid":4},                 
                             {"pid":428},{"pid":472},{"pid":636                 
                             },{"pid":1032},{"pid":1072},{"pid"                 
                             :1716},{"pid":1792},{"pid":1912},{                 
                             "pid":1988},{"pid":2008},{"pid":20                 
                             16},{"pid":2036},{"pid":2068},{"pi                 
                             d":2124},{"pid":2140},{"pid":2184}                 
                             ,{"pid":2204},{"pid":2220},{"pid":                 
                             2292},{"pid":2344},{"pid":2500},{"                 
                             pid":2540},{"pid":2636},{"pid":266                 
                             0},{"pid":2664},{"pid":2672},{"pid                 
                             ":2680},{"pid":2688},{"pid":2740},                 
                             {"pid":2792},{"pid":2800},{"pid":2                 
                             808},{"pid":2816},{"pid":2824},{"p                 
                             id":2832},{"pid":2844},{"pid":2864                 
                             },{"pid":2980},{"pid":3052},{"pid"                 
                             :3112},{"pid":3168},{"pid":3192},{                 
                             "pid":3228},{"pid":3236},{"pid":34                 
                             12},{"pid":3456},{"pid":3516},{"pi                 
                             d":3604},{"pid":3692},{"pid":3704}                 
                             ,{"pid":3728},{"pid":3736},{"pid":                 
                             3888},{"pid":3924},{"pid":3928},{"                 
                             pid":4152},{"pid":4160},{"pid":416                 
                             8},{"pid":4184},{"pid":4204},{"pid                 
                             ":4232},{"pid":4236},{"pid":4368},                 
                             {"pid":4376},{"pid":4384},{"pid":4                 
                             420},{"pid":4476},{"pid":4572},{"p                 
                             id":4580},{"pid":4652},{"pid":4720                 
                             },{"pid":4736},{"pid":4784},{"pid"                 
                             :4800},{"pid":5092},{"pid":5124},{                 
                             "pid":5148},{"pid":5192},{"pid":52                 
                             32},{"pid":5360},{"pid":5516},{"pi                 
                             d":5544},{"pid":5740},{"pid":5748}                 
                             ,{"pid":5764},{"pid":5784},{"pid":                 
                             5828},{"pid":5860},{"pid":6068},{"                 
                             pid":6216},{"pid":6248},{"pid":632                 
                             0},{"pid":6384},{"pid":6428},{"pid                 
                             ":6468},{"pid":6580},{"pid":6608},                 
                             {"pid":6620},{"pid":6632},{"pid":6                 
                             664},{"pid":6716},{"pid":6744},{"p                 
                             id":6868},{"pid":6876},{"pid":6916                 
                             },{"pid":6924},{"pid":6952},{"pid"                 
                             :6996},{"pid":7004},{"pid":7028},{                 
                             "pid":7036},{"pid":7048},{"pid":70                 
                             56},{"pid":7068},{"pid":7076},{"pi                 
                             d":7092},{"pid":7100},{"pid":7120}                 
                             ,{"pid":7136},{"pid":7140},{"pid":                 
                             7148},{"pid":7164},{"pid":7208},{"                 
                             pid":7224},{"pid":7280},{"pid":732                 
                             4},{"pid":7340},{"pid":7364},{"pid                 
                             ":7384},{"pid":7404},{"pid":7408},                 
                             {"pid":7436},{"pid":7448},{"pid":7                 
                             532},{"pid":7564},{"pid":7648},{"p                 
                             id":7712},{"pid":7776},{"pid":7828                 
                             },{"pid":7944},{"pid":8396},{"pid"                 
                             :8488},{"pid":8824},{"pid":9176},{                 
                             "pid":9240},{"pid":9248},{"pid":92                 
                             76},{"pid":9292},{"pid":9392},{"pi                 
                             d":9532},{"pid":9616},{"pid":9636}                 
                             ,{"pid":9984},{"pid":10044},{"pid"                 
                             :10132},{"pid":10180},{"pid":10244                 
                             },{"pid":10712},{"pid":10956},{"pi                 
                             d":11096},{"pid":11116},{"pid":111                 
                             68},{"pid":11292},{"pid":11492},{"                 
                             pid":11532},{"pid":11920},{"pid":1                 
                             2616},{"pid":12660},{"pid":12716},                 
                             {"pid":12896},{"pid":12904},{"pid"                 
                             :13008},{"pid":13248},{"pid":13360                 
                             },{"pid":13572},{"pid":13640},{"pi                 
                             d":13776},{"pid":13868},{"pid":139                 
                             68},{"pid":14108},{"pid":14368},{"                 
                             pid":14552},{"pid":14832},{"pid":1                 
                             4864},{"pid":15088},{"pid":15216},                 
                             {"pid":15444},{"pid":15496},{"pid"                 
                             :15612},{"pid":15676},{"pid":15720                 
                             },{"pid":15736},{"pid":15780},{"pi                 
                             d":15880},{"pid":16428},{"pid":166                 
                             04},{"pid":16676},{"pid":16744},{"                 
                             pid":16760},{"pid":17088},{"pid":1                 
                             7124},{"pid":17496},{"pid":18032},                 
                             {"pid":18120},{"pid":18304},{"pid"                 
                             :18512},{"pid":18644},{"pid":18684                 
                             },{"pid":18808},{"pid":19068},{"pi                 
                             d":19104},{"pid":19128},{"pid":192                 
                             96},{"pid":19460},{"pid":19476},{"                 
                             pid":19836},{"pid":19876},{"pid":1                 
                             9980},{"pid":19996},{"pid":20068},                 
                             {"pid":20644},{"pid":20704},{"pid"                 
                             :20792},{"pid":20844},{"pid":20876                 
                             },{"pid":20896},{"pid":21008},{"pi                 
                             d":21164},{"pid":21472},{"pid":216                 
                             16},{"pid":21644},{"pid":21664},{"                 
                             pid":22172},{"pid":22176},{"pid":2                 
                             2220},{"pid":22516},{"pid":22560},                 
                             {"pid":22592},{"pid":22772},{"pid"                 
                             :22800},{"pid":23260},{"pid":23376                 
                             },{"pid":23572},{"pid":23628},{"pi                 
                             d":23824},{"pid":23948},{"pid":239                 
                             88},{"pid":23996},{"pid":24036},{"                 
                             pid":24040},{"pid":24148},{"pid":2                 
                             4368},{"pid":24404},{"pid":24532},                 
                             {"pid":24588},{"pid":24800},{"pid"                 
                             :24808},{"pid":25268},{"pid":25560                 
                             },{"pid":25664},{"pid":25704},{"pi                 
                             d":25792},{"pid":25876},{"pid":259                 
                             12},{"pid":25972},{"pid":26048},{"                 
                             pid":26052},{"pid":26204},{"pid":2                 
                             6516},{"pid":26860},{"pid":27016},                 
                             {"pid":27216},{"pid":27292},{"pid"                 
                             :28068},{"pid":28180},{"pid":28224                 
                             },{"pid":28336},{"pid":28852},{"pi                 
                             d":29028},{"pid":29208},{"pid":297                 
                             72},{"pid":29844},{"pid":30168},{"                 
                             pid":30376},{"pid":30464},{"pid":3                 
                             0848},{"pid":30864},{"pid":31028},                 
                             {"pid":31520},{"pid":31612},{"pid"                 
                             :31720},{"pid":32004},{"pid":32032                 
                             },{"pid":32296},{"pid":32428},{"pi                 
                             d":32692},{"pid":32696},{"pid":327                 
                             00},{"pid":32724},{"pid":32820},{"                 
                             pid":32844},{"pid":33108},{"pid":3                 
                             3128},{"pid":33244},{"pid":33600},                 
                             {"pid":34088},{"pid":34228},{"pid"                 
                             :34244},{"pid":34248},{"pid":34256                 
                             },{"pid":34320},{"pid":34448},{"pi                 
                             d":34476},{"pid":34488},{"pid":345                 
                             60},{"pid":34688},{"pid":34740},{"                 
                             pid":34880},{"pid":34904},{"pid":3                 
                             5072},{"pid":35252},{"pid":36000},                 
                             {"pid":36060},{"pid":36272},{"pid"                 
                             :36356},{"pid":36408},{"pid":36444                 
                             },{"pid":36912},{"pid":37056},{"pi                 
                             d":37408},{"pid":37416},{"pid":375                 
                             20},{"pid":37652},{"pid":38180},{"                 
                             pid":38224},{"pid":38280},{"pid":3                 
                             8560},{"pid":38700},{"pid":38724},                 
                             {"pid":39032},{"pid":39044},{"pid"                 
                             :39096},{"pid":39344},{"pid":39428                 
                             },{"pid":39452},{"pid":39548},{"pi                 
                             d":39596},{"pid":39676},{"pid":397                 
                             72},{"pid":39868},{"pid":40192},{"                 
                             pid":40328},{"pid":40376},{"pid":4                 
                             0432},{"pid":40444},{"pid":40516},                 
                             {"pid":40568},{"pid":40680},{"pid"                 
                             :40868},{"pid":41024},{"pid":41096                 
                             },{"pid":41176},{"pid":41380},{"pi                 
                             d":41400},{"pid":41464},{"pid":418                 
                             04},{"pid":42064},{"pid":42116},{"                 
                             pid":42128},{"pid":42392},{"pid":4                 
                             2408},{"pid":42496},{"pid":42632},                 
                             {"pid":42700},{"pid":42716},{"pid"                 
                             :42736},{"pid":42868},{"pid":43056                 
                             },{"pid":43244},{"pid":43596},{"pi                 
                             d":43660},{"pid":43720},{"pid":437                 
                             44},{"pid":43780},{"pid":43976},{"                 
                             pid":44012},{"pid":44024},{"pid":4                 
                             4276},{"pid":44808},{"pid":44864},                 
                             {"pid":44928},{"pid":44940},{"pid"                 
                             :44960},{"pid":44988},{"pid":45084                 
                             },{"pid":45120},{"pid":45220},{"pi                 
                             d":45372},{"pid":45544},{"pid":455                 
                             84},{"pid":45664},{"pid":45772},{"                 
                             pid":45824},{"pid":46008},{"pid":4                 
                             6124},{"pid":46224},{"pid":46232},                 
                             {"pid":46264},{"pid":46316},{"pid"                 
                             :46508},{"pid":46524},{"pid":46640                 
                             },{"pid":46688},{"pid":46780},{"pi                 
                             d":47028},{"pid":47056},{"pid":471                 
                             20},{"pid":47348},{"pid":47480},{"                 
                             pid":48500},{"pid":48692},{"pid":4                 
                             8772},{"pid":48976},{"pid":49024},                 
                             {"pid":49068},{"pid":49124},{"pid"                 
                             :49412},{"pid":49440},{"pid":49628                 
                             },{"pid":49912},{"pid":49924},{"pi                 
                             d":50268},{"pid":50608},{"pid":506                 
                             32},{"pid":50924},{"pid":50988},{"                 
                             pid":52160},{"pid":52336},{"pid":5                 
                             2636},{"pid":53352},{"pid":53536},                 
                             {"pid":54040}],"swap_memory":{"tot                 
                             al":35752800256,"used":35062853632                 
                             ,"free":689946624,"usedPercent":98                 
                             .07023053002901,"sin":0,"sout":0,"                 
                             pgIn":0,"pgOut":0,"pgFault":0,"pgM                 
                             ajFault":0}}                                       
                                                                                
[2026-01-01 09:20:29 -0500] [322995] [INFO] 127.0.0.1:39420 POST /fuck/function 1.1 200 12657 314470
[2026-01-01 09:20:29 -0500] [323085] [INFO] 127.0.0.1:55934 POST /fuck/requests_to_function 1.1 200 12657 353631
[01/01/26 09:22:21] INFO     2026-01-01 09:22:21,327 - INFO -  server_api.py:280
                             Client disconnected                                
                             192.168.1.10:55956                                 
                    INFO     2026-01-01 09:22:21,332 - INFO -  server_api.py:280
                             Client disconnected                                
                             192.168.1.10:55955                                 
[01/01/26 09:22:22] INFO     2026-01-01 09:22:22,579 - INFO -      server.py:529
                             connection open                                    
                    INFO     2026-01-01 09:22:22,584 - INFO -  server_api.py:257
                             New client                                         
                             connected：192.168.1.10:64423                      
                    INFO     2026-01-01 09:22:22,589 - INFO -      server.py:529
                             connection open                                    
                    INFO     2026-01-01 09:22:22,593 - INFO -  server_api.py:257
                             New client                                         
                             connected：192.168.1.10:64424                      
                    INFO     2026-01-01 09:22:22,648 - INFO -  server_api.py:261
                             Client system                                      
                             information：windows                               
                             LAPTOP-CGJ3M523 10.0.26100.3624                    
                             Build 26100.3624 10.0.26100.3624                   
                             Build 26100.3624 x86_64 AMD Ryzen                  
                             9 8945HX with Radeon Graphics                      
                    INFO     2026-01-01 09:22:22,654 - INFO -  server_api.py:272
                             Client connected successfully                      
                             192.168.1.10:64423，ID：0dbc346b-                  
                             4a44-4b8b-b64b-543ab0dcd66a                        
                    INFO     2026-01-01 09:22:22,659 - INFO -  server_api.py:261
                             Client system                                      
                             information：windows                               
                             LAPTOP-CGJ3M523 10.0.26100.3624                    
                             Build 26100.3624 10.0.26100.3624                   
                             Build 26100.3624 x86_64 AMD Ryzen                  
                             9 8945HX with Radeon Graphics                      
                    INFO     2026-01-01 09:22:22,665 - INFO -  server_api.py:272
                             Client connected successfully                      
                             192.168.1.10:64424，ID：39a6170d-                  
                             e49d-49bf-ab1d-3eac44cce7e4                        
[01/01/26 10:15:47] INFO     2026-01-01 10:15:47,868 - INFO -  server_api.py:280
                             Client disconnected                                
                             192.168.1.10:64423                                 
                    INFO     2026-01-01 10:15:47,870 - INFO -  server_api.py:280
                             Client disconnected                                
                             192.168.1.10:64424                                 
                    INFO     2026-01-01 10:15:47,914 - INFO -      server.py:529
                             connection open                                    
                    INFO     2026-01-01 10:15:47,917 - INFO -  server_api.py:257
                             New client                                         
                             connected：192.168.1.10:61930                      
                    INFO     2026-01-01 10:15:47,919 - INFO -      server.py:529
                             connection open                                    
                    INFO     2026-01-01 10:15:47,921 - INFO -  server_api.py:257
                             New client                                         
                             connected：192.168.1.10:61929                      
                    INFO     2026-01-01 10:15:47,969 - INFO -  server_api.py:261
                             Client system                                      
                             information：windows                               
                             LAPTOP-CGJ3M523 10.0.26100.3624                    
                             Build 26100.3624 10.0.26100.3624                   
                             Build 26100.3624 x86_64 AMD Ryzen                  
                             9 8945HX with Radeon Graphics                      
                    INFO     2026-01-01 10:15:47,972 - INFO -  server_api.py:272
                             Client connected successfully                      
                             192.168.1.10:61929，ID：394edd04-                  
                             b38c-40c7-bb1f-20bbb5acb72e                        
[01/01/26 10:15:48] INFO     2026-01-01 10:15:48,003 - INFO -  server_api.py:261
                             Client system                                      
                             information：windows                               
                             LAPTOP-CGJ3M523 10.0.26100.3624                    
                             Build 26100.3624 10.0.26100.3624                   
                             Build 26100.3624 x86_64 AMD Ryzen                  
                             9 8945HX with Radeon Graphics                      
                    INFO     2026-01-01 10:15:48,005 - INFO -  server_api.py:272
                             Client connected successfully                      
                             192.168.1.10:61930，ID：383f2329-                  
                             0ae0-4f57-bc71-116c76b76214                        
[01/01/26 10:22:59] INFO     2026-01-01 10:22:59,983 - INFO -  server_api.py:280
                             Client disconnected                                
                             192.168.1.10:61930                                 
                    INFO     2026-01-01 10:22:59,986 - INFO -  server_api.py:280
                             Client disconnected                                
                             192.168.1.10:61929                                 
[01/01/26 10:23:14] INFO     2026-01-01 10:23:14,402 - INFO -      server.py:529
                             connection open                                    
                    INFO     2026-01-01 10:23:14,406 - INFO -  server_api.py:257
                             New client                                         
                             connected：192.168.1.10:49956                      
                    INFO     2026-01-01 10:23:14,409 - INFO -      server.py:529
                             connection open                                    
                    INFO     2026-01-01 10:23:14,411 - INFO -  server_api.py:257
                             New client                                         
                             connected：192.168.1.10:49957                      
                    INFO     2026-01-01 10:23:14,494 - INFO -  server_api.py:261
                             Client system                                      
                             information：windows                               
                             LAPTOP-CGJ3M523 10.0.26100.3624                    
                             Build 26100.3624 10.0.26100.3624                   
                             Build 26100.3624 x86_64 AMD Ryzen                  
                             9 8945HX with Radeon Graphics                      
                    INFO     2026-01-01 10:23:14,501 - INFO -  server_api.py:272
                             Client connected successfully                      
                             192.168.1.10:49956，ID：824d97a9-                  
                             461b-451a-b106-88a3cb58638f                        
                    INFO     2026-01-01 10:23:14,506 - INFO -  server_api.py:261
                             Client system                                      
                             information：windows                               
                             LAPTOP-CGJ3M523 10.0.26100.3624                    
                             Build 26100.3624 10.0.26100.3624                   
                             Build 26100.3624 x86_64 AMD Ryzen                  
                             9 8945HX with Radeon Graphics                      
                    INFO     2026-01-01 10:23:14,512 - INFO -  server_api.py:272
                             Client connected successfully                      
                             192.168.1.10:49957，ID：b9fdc5a7-                  
                             7722-4062-8245-7d84c0f553e3                        
[01/01/26 10:24:44] INFO     2026-01-01 10:24:44,395 - INFO -  server_api.py:280
                             Client disconnected                                
                             192.168.1.10:49956                                 
                    INFO     2026-01-01 10:24:44,400 - INFO -  server_api.py:280
                             Client disconnected                                
                             192.168.1.10:49957                                 
                    INFO     2026-01-01 10:24:44,421 - INFO -      server.py:529
                             connection open                                    
                    INFO     2026-01-01 10:24:44,425 - INFO -  server_api.py:257
                             New client                                         
                             connected：192.168.1.10:49966                      
                    INFO     2026-01-01 10:24:44,430 - INFO -      server.py:529
                             connection open                                    
                    INFO     2026-01-01 10:24:44,433 - INFO -  server_api.py:257
                             New client                                         
                             connected：192.168.1.10:49967                      
                    INFO     2026-01-01 10:24:44,484 - INFO -  server_api.py:261
                             Client system                                      
                             information：windows                               
                             LAPTOP-CGJ3M523 10.0.26100.3624                    
                             Build 26100.3624 10.0.26100.3624                   
                             Build 26100.3624 x86_64 AMD Ryzen                  
                             9 8945HX with Radeon Graphics                      
                    INFO     2026-01-01 10:24:44,490 - INFO -  server_api.py:272
                             Client connected successfully                      
                             192.168.1.10:49967，ID：35a451e7-                  
                             d462-4ce6-bc7c-60db978f2e82                        
                    INFO     2026-01-01 10:24:44,495 - INFO -  server_api.py:261
                             Client system                                      
                             information：windows                               
                             LAPTOP-CGJ3M523 10.0.26100.3624                    
                             Build 26100.3624 10.0.26100.3624                   
                             Build 26100.3624 x86_64 AMD Ryzen                  
                             9 8945HX with Radeon Graphics                      
                    INFO     2026-01-01 10:24:44,501 - INFO -  server_api.py:272
                             Client connected successfully                      
                             192.168.1.10:49966，ID：172ccd7d-                  
                             9f3d-4e52-a1e2-63910a3ee4a9                        
[01/01/26 10:36:27] INFO     2026-01-01 10:36:27,727 - INFO -  server_api.py:280
                             Client disconnected                                
                             192.168.1.10:49966                                 
                    INFO     2026-01-01 10:36:27,732 - INFO -  server_api.py:280
                             Client disconnected                                
                             192.168.1.10:49967                                 
                    INFO     2026-01-01 10:36:27,748 - INFO -      server.py:529
                             connection open                                    
                    INFO     2026-01-01 10:36:27,750 - INFO -  server_api.py:257
                             New client                                         
                             connected：192.168.1.10:63496                      
                    INFO     2026-01-01 10:36:27,754 - INFO -      server.py:529
                             connection open                                    
                    INFO     2026-01-01 10:36:27,757 - INFO -  server_api.py:257
                             New client                                         
                             connected：192.168.1.10:63497                      
                    INFO     2026-01-01 10:36:27,806 - INFO -  server_api.py:261
                             Client system                                      
                             information：windows                               
                             LAPTOP-CGJ3M523 10.0.26100.3624                    
                             Build 26100.3624 10.0.26100.3624                   
                             Build 26100.3624 x86_64 AMD Ryzen                  
                             9 8945HX with Radeon Graphics                      
                    INFO     2026-01-01 10:36:27,812 - INFO -  server_api.py:272
                             Client connected successfully                      
                             192.168.1.10:63496，ID：391e2a92-                  
                             ab44-43f2-9c5d-9e3829caba68                        
                    INFO     2026-01-01 10:36:27,814 - INFO -  server_api.py:261
                             Client system                                      
                             information：windows                               
                             LAPTOP-CGJ3M523 10.0.26100.3624                    
                             Build 26100.3624 10.0.26100.3624                   
                             Build 26100.3624 x86_64 AMD Ryzen                  
                             9 8945HX with Radeon Graphics                      
                    INFO     2026-01-01 10:36:27,817 - INFO -  server_api.py:272
                             Client connected successfully                      
                             192.168.1.10:63497，ID：82db111c-                  
                             3d71-4332-a7c6-d2329c3b72b6                        
[01/01/26 11:28:32] INFO     2026-01-01 11:28:32,278 - INFO -  server_api.py:280
                             Client disconnected                                
                             192.168.1.10:63496                                 
                    INFO     2026-01-01 11:28:32,283 - INFO -  server_api.py:280
                             Client disconnected                                
                             192.168.1.10:63497                                 
                    INFO     2026-01-01 11:28:32,309 - INFO -      server.py:529
                             connection open                                    
                    INFO     2026-01-01 11:28:32,312 - INFO -  server_api.py:257
                             New client                                         
                             connected：192.168.1.10:49266                      
                    INFO     2026-01-01 11:28:32,316 - INFO -      server.py:529
                             connection open                                    
                    INFO     2026-01-01 11:28:32,319 - INFO -  server_api.py:257
                             New client                                         
                             connected：192.168.1.10:49267                      
                    INFO     2026-01-01 11:28:32,423 - INFO -  server_api.py:261
                             Client system                                      
                             information：windows                               
                             LAPTOP-CGJ3M523 10.0.26100.3624                    
                             Build 26100.3624 10.0.26100.3624                   
                             Build 26100.3624 x86_64 AMD Ryzen                  
                             9 8945HX with Radeon Graphics                      
                    INFO     2026-01-01 11:28:32,429 - INFO -  server_api.py:272
                             Client connected successfully                      
                             192.168.1.10:49267，ID：11f1b754-                  
                             453d-4f93-a4f7-2fc16126ad57                        
                    INFO     2026-01-01 11:28:32,435 - INFO -  server_api.py:261
                             Client system                                      
                             information：windows                               
                             LAPTOP-CGJ3M523 10.0.26100.3624                    
                             Build 26100.3624 10.0.26100.3624                   
                             Build 26100.3624 x86_64 AMD Ryzen                  
                             9 8945HX with Radeon Graphics                      
                    INFO     2026-01-01 11:28:32,441 - INFO -  server_api.py:272
                             Client connected successfully                      
                             192.168.1.10:49266，ID：67be6e78-                  
                             a48d-4a15-8a94-c633a5bf58da                        
[01/01/26 11:37:01] INFO     2026-01-01 11:37:01,905 - INFO -  server_api.py:280
                             Client disconnected                                
                             192.168.1.10:49267                                 
[01/01/26 11:37:03] INFO     2026-01-01 11:37:03,442 - INFO -  server_api.py:280
                             Client disconnected                                
                             192.168.1.10:49266                                 
[01/01/26 11:44:19] INFO     2026-01-01 11:44:19,684 - INFO -  server_api.py:182
                             Received function request                          
                    INFO     2026-01-01 11:44:19,687 - INFO -  server_api.py:137
                             Performing security verification                   
                    INFO     2026-01-01 11:44:19,691 - INFO -  server_api.py:143
                             Verification passed                                
                    WARNING  2026-01-01 11:44:19,693 - WARNING server_api.py:192
                             - Function name not provided                       
[2026-01-01 11:44:19 -0500] [322995] [INFO] 127.0.0.1:36006 POST /fuck/function 1.1 400 39 12977
[2026-01-01 11:44:19 -0500] [323085] [INFO] 192.168.1.28:53366 GET /fuck/device/cb7ec5d1-082a-46ed-9e8e-26b42da387f0 1.1 200 6646 20143
[01/01/26 11:44:24] INFO     2026-01-01 11:44:24,693 - INFO -  server_api.py:182
                             Received function request                          
                    INFO     2026-01-01 11:44:24,698 - INFO -  server_api.py:137
                             Performing security verification                   
                    INFO     2026-01-01 11:44:24,707 - INFO -  server_api.py:143
                             Verification passed                                
                    WARNING  2026-01-01 11:44:24,711 - WARNING server_api.py:192
                             - Function name not provided                       
[2026-01-01 11:44:24 -0500] [322995] [INFO] 127.0.0.1:36022 POST /fuck/function 1.1 400 39 23077
[2026-01-01 11:44:24 -0500] [323085] [INFO] 192.168.1.28:53366 GET /fuck/device/cb7ec5d1-082a-46ed-9e8e-26b42da387f0 1.1 200 6646 31812
[01/01/26 11:44:51] INFO     2026-01-01 11:44:51,574 - INFO -  server_api.py:182
                             Received function request                          
                    INFO     2026-01-01 11:44:51,576 - INFO -  server_api.py:137
                             Performing security verification                   
                    INFO     2026-01-01 11:44:51,581 - INFO -  server_api.py:143
                             Verification passed                                
                    WARNING  2026-01-01 11:44:51,584 - WARNING server_api.py:192
                             - Function name not provided                       
[2026-01-01 11:44:51 -0500] [322995] [INFO] 127.0.0.1:59176 POST /fuck/function 1.1 400 39 13763
[2026-01-01 11:44:51 -0500] [323085] [INFO] 127.0.0.1:47166 GET /fuck/device/686f484a-1e42-4a8a-b147-0b33f0ebfdbf 1.1 200 6646 19755
[2026-01-01 11:44:51 -0500] [323085] [INFO] 127.0.0.1:47166 GET /favicon.ico 1.1 - - 186
[2026-01-01 11:44:51 -0500] [323085] [INFO] 127.0.0.1:47166 GET /favicon.ico 1.1 404 207 2208
[01/01/26 11:44:55] INFO     2026-01-01 11:44:55,453 - INFO -  server_api.py:182
                             Received function request                          
                    INFO     2026-01-01 11:44:55,456 - INFO -  server_api.py:137
                             Performing security verification                   
                    INFO     2026-01-01 11:44:55,463 - INFO -  server_api.py:143
                             Verification passed                                
                    WARNING  2026-01-01 11:44:55,466 - WARNING server_api.py:192
                             - Function name not provided                       
[2026-01-01 11:44:55 -0500] [322995] [INFO] 127.0.0.1:59188 POST /fuck/function 1.1 400 39 18140
[2026-01-01 11:44:55 -0500] [323085] [INFO] 192.168.1.28:55358 GET /fuck/device/cb7ec5d1-082a-46ed-9e8e-26b42da387f0 1.1 200 6646 39867
[01/01/26 11:45:07] INFO     2026-01-01 11:45:07,353 - INFO -  server_api.py:182
                             Received function request                          
                    INFO     2026-01-01 11:45:07,358 - INFO -  server_api.py:137
                             Performing security verification                   
                    INFO     2026-01-01 11:45:07,366 - INFO -  server_api.py:143
                             Verification passed                                
                    WARNING  2026-01-01 11:45:07,370 - WARNING server_api.py:192
                             - Function name not provided                       
[2026-01-01 11:45:07 -0500] [322995] [INFO] 127.0.0.1:43860 POST /fuck/function 1.1 400 39 23049
[2026-01-01 11:45:07 -0500] [323085] [INFO] 192.168.1.28:43254 GET /fuck/device/cb7ec5d1-082a-46ed-9e8e-26b42da387f0 1.1 200 6646 31075
[01/01/26 11:45:14] INFO     2026-01-01 11:45:14,836 - INFO -  server_api.py:182
                             Received function request                          
                    INFO     2026-01-01 11:45:14,840 - INFO -  server_api.py:137
                             Performing security verification                   
                    INFO     2026-01-01 11:45:14,849 - INFO -  server_api.py:143
                             Verification passed                                
                    WARNING  2026-01-01 11:45:14,853 - WARNING server_api.py:192
                             - Function name not provided                       
[2026-01-01 11:45:14 -0500] [322995] [INFO] 127.0.0.1:43866 POST /fuck/function 1.1 400 39 23109
[2026-01-01 11:45:14 -0500] [323085] [INFO] 192.168.1.28:43270 GET /fuck/device/cb7ec5d1-082a-46ed-9e8e-26b42da387f0 1.1 200 6646 30833
[01/01/26 11:45:23] INFO     2026-01-01 11:45:23,372 - INFO -  server_api.py:182
                             Received function request                          
                    INFO     2026-01-01 11:45:23,376 - INFO -  server_api.py:137
                             Performing security verification                   
                    INFO     2026-01-01 11:45:23,380 - INFO -  server_api.py:143
                             Verification passed                                
                    WARNING  2026-01-01 11:45:23,382 - WARNING server_api.py:192
                             - Function name not provided                       
[2026-01-01 11:45:23 -0500] [322995] [INFO] 127.0.0.1:37002 POST /fuck/function 1.1 400 39 13001
[2026-01-01 11:45:23 -0500] [323085] [INFO] 192.168.1.28:34590 GET /fuck/ 1.1 200 3439 19741
                    INFO     2026-01-01 11:45:23,521 - INFO -  server_api.py:182
                             Received function request                          
                    INFO     2026-01-01 11:45:23,524 - INFO -  server_api.py:137
                             Performing security verification                   
                    INFO     2026-01-01 11:45:23,530 - INFO -  server_api.py:143
                             Verification passed                                
                    WARNING  2026-01-01 11:45:23,533 - WARNING server_api.py:192
                             - Function name not provided                       
[2026-01-01 11:45:23 -0500] [322995] [INFO] 127.0.0.1:37008 POST /fuck/function 1.1 400 39 16611
                    INFO     2026-01-01 11:45:23,542 - INFO -  server_api.py:182
                             Received function request                          
                    INFO     2026-01-01 11:45:23,545 - INFO -  server_api.py:137
                             Performing security verification                   
                    INFO     2026-01-01 11:45:23,552 - INFO -  server_api.py:143
                             Verification passed                                
                    INFO     2026-01-01 11:45:23,555 - INFO -  server_api.py:196
                             Requested function：device_list                    
                    INFO     2026-01-01 11:45:23,557 - INFO -   server_api.py:44
                             Server initialization                              
                    INFO     2026-01-01 11:45:23,560 - INFO -   server_api.py:51
                             Getting client list                                
                    INFO     2026-01-01 11:45:23,561 - INFO -   server_api.py:53
                             No connected devices currently                     
[2026-01-01 11:45:23 -0500] [322995] [INFO] 127.0.0.1:37024 POST /fuck/function 1.1 200 38 22469
[2026-01-01 11:45:23 -0500] [323085] [INFO] 192.168.1.28:34590 POST /fuck/requests_to_function 1.1 200 38 49609
[01/01/26 11:45:25] INFO     2026-01-01 11:45:25,903 - INFO -  server_api.py:182
                             Received function request                          
                    INFO     2026-01-01 11:45:25,906 - INFO -  server_api.py:137
                             Performing security verification                   
                    INFO     2026-01-01 11:45:25,912 - INFO -  server_api.py:143
                             Verification passed                                
                    WARNING  2026-01-01 11:45:25,916 - WARNING server_api.py:192
                             - Function name not provided                       
[2026-01-01 11:45:25 -0500] [322995] [INFO] 127.0.0.1:37030 POST /fuck/function 1.1 400 39 17149
[2026-01-01 11:45:25 -0500] [323085] [INFO] 192.168.1.28:34590 GET /fuck/ 1.1 200 3439 23484
                    INFO     2026-01-01 11:45:25,956 - INFO -  server_api.py:182
                             Received function request                          
                    INFO     2026-01-01 11:45:25,960 - INFO -  server_api.py:137
                             Performing security verification                   
                    INFO     2026-01-01 11:45:25,969 - INFO -  server_api.py:143
                             Verification passed                                
                    WARNING  2026-01-01 11:45:25,973 - WARNING server_api.py:192
                             - Function name not provided                       
[2026-01-01 11:45:25 -0500] [322995] [INFO] 127.0.0.1:37032 POST /fuck/function 1.1 400 39 23213
                    INFO     2026-01-01 11:45:25,985 - INFO -  server_api.py:182
                             Received function request                          
                    INFO     2026-01-01 11:45:25,988 - INFO -  server_api.py:137
                             Performing security verification                   
                    INFO     2026-01-01 11:45:25,994 - INFO -  server_api.py:143
                             Verification passed                                
                    INFO     2026-01-01 11:45:25,996 - INFO -  server_api.py:196
                             Requested function：device_list                    
                    INFO     2026-01-01 11:45:25,998 - INFO -   server_api.py:44
                             Server initialization                              
                    INFO     2026-01-01 11:45:25,999 - INFO -   server_api.py:51
                             Getting client list                                
[01/01/26 11:45:26] INFO     2026-01-01 11:45:26,001 - INFO -   server_api.py:53
                             No connected devices currently                     
[2026-01-01 11:45:26 -0500] [322995] [INFO] 127.0.0.1:37044 POST /fuck/function 1.1 200 38 19882
[2026-01-01 11:45:26 -0500] [323085] [INFO] 192.168.1.28:34590 POST /fuck/requests_to_function 1.1 200 38 55426
[01/01/26 11:45:28] INFO     2026-01-01 11:45:28,901 - INFO -  server_api.py:182
                             Received function request                          
                    INFO     2026-01-01 11:45:28,905 - INFO -  server_api.py:137
                             Performing security verification                   
                    INFO     2026-01-01 11:45:28,914 - INFO -  server_api.py:143
                             Verification passed                                
                    WARNING  2026-01-01 11:45:28,918 - WARNING server_api.py:192
                             - Function name not provided                       
[2026-01-01 11:45:28 -0500] [322995] [INFO] 127.0.0.1:48964 POST /fuck/function 1.1 400 39 23406
[2026-01-01 11:45:28 -0500] [323085] [INFO] 192.168.1.28:34590 GET /fuck/ 1.1 200 3439 31052
                    INFO     2026-01-01 11:45:28,957 - INFO -  server_api.py:182
                             Received function request                          
                    INFO     2026-01-01 11:45:28,959 - INFO -  server_api.py:137
                             Performing security verification                   
                    INFO     2026-01-01 11:45:28,963 - INFO -  server_api.py:143
                             Verification passed                                
                    WARNING  2026-01-01 11:45:28,965 - WARNING server_api.py:192
                             - Function name not provided                       
[2026-01-01 11:45:28 -0500] [322995] [INFO] 127.0.0.1:48970 POST /fuck/function 1.1 400 39 11418
                    INFO     2026-01-01 11:45:28,971 - INFO -  server_api.py:182
                             Received function request                          
                    INFO     2026-01-01 11:45:28,973 - INFO -  server_api.py:137
                             Performing security verification                   
                    INFO     2026-01-01 11:45:28,977 - INFO -  server_api.py:143
                             Verification passed                                
                    INFO     2026-01-01 11:45:28,979 - INFO -  server_api.py:196
                             Requested function：device_list                    
                    INFO     2026-01-01 11:45:28,981 - INFO -   server_api.py:44
                             Server initialization                              
                    INFO     2026-01-01 11:45:28,983 - INFO -   server_api.py:51
                             Getting client list                                
                    INFO     2026-01-01 11:45:28,985 - INFO -   server_api.py:53
                             No connected devices currently                     
[2026-01-01 11:45:28 -0500] [322995] [INFO] 127.0.0.1:48974 POST /fuck/function 1.1 200 38 17056
[2026-01-01 11:45:28 -0500] [323085] [INFO] 192.168.1.28:34590 POST /fuck/requests_to_function 1.1 200 38 35362
[01/01/26 11:45:29] INFO     2026-01-01 11:45:29,902 - INFO -  server_api.py:182
                             Received function request                          
                    INFO     2026-01-01 11:45:29,907 - INFO -  server_api.py:137
                             Performing security verification                   
                    INFO     2026-01-01 11:45:29,915 - INFO -  server_api.py:143
                             Verification passed                                
                    WARNING  2026-01-01 11:45:29,919 - WARNING server_api.py:192
                             - Function name not provided                       
[2026-01-01 11:45:29 -0500] [322995] [INFO] 127.0.0.1:48978 POST /fuck/function 1.1 400 39 23607
[2026-01-01 11:45:29 -0500] [323085] [INFO] 192.168.1.28:34590 GET /fuck/ 1.1 200 3439 32148
                    INFO     2026-01-01 11:45:29,961 - INFO -  server_api.py:182
                             Received function request                          
                    INFO     2026-01-01 11:45:29,965 - INFO -  server_api.py:137
                             Performing security verification                   
                    INFO     2026-01-01 11:45:29,973 - INFO -  server_api.py:143
                             Verification passed                                
                    WARNING  2026-01-01 11:45:29,977 - WARNING server_api.py:192
                             - Function name not provided                       
[2026-01-01 11:45:29 -0500] [322995] [INFO] 127.0.0.1:48982 POST /fuck/function 1.1 400 39 20109
                    INFO     2026-01-01 11:45:29,985 - INFO -  server_api.py:182
                             Received function request                          
                    INFO     2026-01-01 11:45:29,987 - INFO -  server_api.py:137
                             Performing security verification                   
                    INFO     2026-01-01 11:45:29,991 - INFO -  server_api.py:143
                             Verification passed                                
                    INFO     2026-01-01 11:45:29,993 - INFO -  server_api.py:196
                             Requested function：device_list                    
                    INFO     2026-01-01 11:45:29,995 - INFO -   server_api.py:44
                             Server initialization                              
                    INFO     2026-01-01 11:45:29,997 - INFO -   server_api.py:51
                             Getting client list                                
                    INFO     2026-01-01 11:45:29,999 - INFO -   server_api.py:53
                             No connected devices currently                     
[2026-01-01 11:45:30 -0500] [322995] [INFO] 127.0.0.1:48998 POST /fuck/function 1.1 200 38 17148
[2026-01-01 11:45:30 -0500] [323085] [INFO] 192.168.1.28:34590 POST /fuck/requests_to_function 1.1 200 38 46926
[01/01/26 11:45:30] INFO     2026-01-01 11:45:30,741 - INFO -  server_api.py:182
                             Received function request                          
                    INFO     2026-01-01 11:45:30,746 - INFO -  server_api.py:137
                             Performing security verification                   
                    INFO     2026-01-01 11:45:30,755 - INFO -  server_api.py:143
                             Verification passed                                
                    WARNING  2026-01-01 11:45:30,759 - WARNING server_api.py:192
                             - Function name not provided                       
[2026-01-01 11:45:30 -0500] [322995] [INFO] 127.0.0.1:49002 POST /fuck/function 1.1 400 39 21512
[2026-01-01 11:45:30 -0500] [323085] [INFO] 192.168.1.28:34590 GET /fuck/ 1.1 200 3439 28957
                    INFO     2026-01-01 11:45:30,799 - INFO -  server_api.py:182
                             Received function request                          
                    INFO     2026-01-01 11:45:30,801 - INFO -  server_api.py:137
                             Performing security verification                   
                    INFO     2026-01-01 11:45:30,807 - INFO -  server_api.py:143
                             Verification passed                                
                    WARNING  2026-01-01 11:45:30,809 - WARNING server_api.py:192
                             - Function name not provided                       
[2026-01-01 11:45:30 -0500] [322995] [INFO] 127.0.0.1:49008 POST /fuck/function 1.1 400 39 14020
                    INFO     2026-01-01 11:45:30,816 - INFO -  server_api.py:182
                             Received function request                          
                    INFO     2026-01-01 11:45:30,819 - INFO -  server_api.py:137
                             Performing security verification                   
                    INFO     2026-01-01 11:45:30,823 - INFO -  server_api.py:143
                             Verification passed                                
                    INFO     2026-01-01 11:45:30,825 - INFO -  server_api.py:196
                             Requested function：device_list                    
                    INFO     2026-01-01 11:45:30,827 - INFO -   server_api.py:44
                             Server initialization                              
                    INFO     2026-01-01 11:45:30,829 - INFO -   server_api.py:51
                             Getting client list                                
                    INFO     2026-01-01 11:45:30,831 - INFO -   server_api.py:53
                             No connected devices currently                     
[2026-01-01 11:45:30 -0500] [322995] [INFO] 127.0.0.1:49012 POST /fuck/function 1.1 200 38 17594
[2026-01-01 11:45:30 -0500] [323085] [INFO] 192.168.1.28:34590 POST /fuck/requests_to_function 1.1 200 38 39910
[01/01/26 11:45:35] INFO     2026-01-01 11:45:35,940 - INFO -  server_api.py:182
                             Received function request                          
                    INFO     2026-01-01 11:45:35,945 - INFO -  server_api.py:137
                             Performing security verification                   
                    INFO     2026-01-01 11:45:35,954 - INFO -  server_api.py:143
                             Verification passed                                
                    WARNING  2026-01-01 11:45:35,958 - WARNING server_api.py:192
                             - Function name not provided                       
[2026-01-01 11:45:35 -0500] [322995] [INFO] 127.0.0.1:49016 POST /fuck/function 1.1 400 39 23120
                    INFO     2026-01-01 11:45:35,969 - INFO -  server_api.py:182
                             Received function request                          
                    INFO     2026-01-01 11:45:35,973 - INFO -  server_api.py:137
                             Performing security verification                   
                    INFO     2026-01-01 11:45:35,980 - INFO -  server_api.py:143
                             Verification passed                                
                    INFO     2026-01-01 11:45:35,983 - INFO -  server_api.py:196
                             Requested function：device_list                    
                    INFO     2026-01-01 11:45:35,985 - INFO -   server_api.py:44
                             Server initialization                              
                    INFO     2026-01-01 11:45:35,987 - INFO -   server_api.py:51
                             Getting client list                                
                    INFO     2026-01-01 11:45:35,989 - INFO -   server_api.py:53
                             No connected devices currently                     
[2026-01-01 11:45:35 -0500] [322995] [INFO] 127.0.0.1:49018 POST /fuck/function 1.1 200 38 22695
[2026-01-01 11:45:35 -0500] [323085] [INFO] 192.168.1.28:34532 POST /fuck/requests_to_function 1.1 200 38 58064
[01/01/26 11:45:40] INFO     2026-01-01 11:45:40,985 - INFO -  server_api.py:182
                             Received function request                          
                    INFO     2026-01-01 11:45:40,989 - INFO -  server_api.py:137
                             Performing security verification                   
                    INFO     2026-01-01 11:45:40,998 - INFO -  server_api.py:143
                             Verification passed                                
[01/01/26 11:45:41] WARNING  2026-01-01 11:45:41,002 - WARNING server_api.py:192
                             - Function name not provided                       
[2026-01-01 11:45:41 -0500] [322995] [INFO] 127.0.0.1:49030 POST /fuck/function 1.1 400 39 23527
                    INFO     2026-01-01 11:45:41,012 - INFO -  server_api.py:182
                             Received function request                          
                    INFO     2026-01-01 11:45:41,014 - INFO -  server_api.py:137
                             Performing security verification                   
                    INFO     2026-01-01 11:45:41,018 - INFO -  server_api.py:143
                             Verification passed                                
                    INFO     2026-01-01 11:45:41,020 - INFO -  server_api.py:196
                             Requested function：device_list                    
                    INFO     2026-01-01 11:45:41,022 - INFO -   server_api.py:44
                             Server initialization                              
                    INFO     2026-01-01 11:45:41,024 - INFO -   server_api.py:51
                             Getting client list                                
                    INFO     2026-01-01 11:45:41,026 - INFO -   server_api.py:53
                             No connected devices currently                     
[2026-01-01 11:45:41 -0500] [322995] [INFO] 127.0.0.1:49032 POST /fuck/function 1.1 200 38 17280
[2026-01-01 11:45:41 -0500] [323085] [INFO] 192.168.1.28:34532 POST /fuck/requests_to_function 1.1 200 38 51485
[01/01/26 11:45:46] INFO     2026-01-01 11:45:46,335 - INFO -  server_api.py:182
                             Received function request                          
                    INFO     2026-01-01 11:45:46,338 - INFO -  server_api.py:137
                             Performing security verification                   
                    INFO     2026-01-01 11:45:46,343 - INFO -  server_api.py:143
                             Verification passed                                
                    WARNING  2026-01-01 11:45:46,346 - WARNING server_api.py:192
                             - Function name not provided                       
[2026-01-01 11:45:46 -0500] [322995] [INFO] 127.0.0.1:49044 POST /fuck/function 1.1 400 39 15586
                    INFO     2026-01-01 11:45:46,356 - INFO -  server_api.py:182
                             Received function request                          
                    INFO     2026-01-01 11:45:46,359 - INFO -  server_api.py:137
                             Performing security verification                   
                    INFO     2026-01-01 11:45:46,366 - INFO -  server_api.py:143
                             Verification passed                                
                    INFO     2026-01-01 11:45:46,369 - INFO -  server_api.py:196
                             Requested function：device_list                    
                    INFO     2026-01-01 11:45:46,372 - INFO -   server_api.py:44
                             Server initialization                              
                    INFO     2026-01-01 11:45:46,375 - INFO -   server_api.py:51
                             Getting client list                                
                    INFO     2026-01-01 11:45:46,377 - INFO -   server_api.py:53
                             No connected devices currently                     
[2026-01-01 11:45:46 -0500] [322995] [INFO] 127.0.0.1:49060 POST /fuck/function 1.1 200 38 24353
[2026-01-01 11:45:46 -0500] [323085] [INFO] 192.168.1.28:35040 POST /fuck/requests_to_function 1.1 200 38 50168
[01/01/26 11:46:19] INFO     2026-01-01 11:46:19,924 - INFO -  server_api.py:182
                             Received function request                          
                    INFO     2026-01-01 11:46:19,928 - INFO -  server_api.py:137
                             Performing security verification                   
                    INFO     2026-01-01 11:46:19,937 - INFO -  server_api.py:143
                             Verification passed                                
                    WARNING  2026-01-01 11:46:19,941 - WARNING server_api.py:192
                             - Function name not provided                       
[2026-01-01 11:46:19 -0500] [322995] [INFO] 127.0.0.1:53370 POST /fuck/function 1.1 400 39 22719
                    INFO     2026-01-01 11:46:19,950 - INFO -  server_api.py:182
                             Received function request                          
                    INFO     2026-01-01 11:46:19,952 - INFO -  server_api.py:137
                             Performing security verification                   
                    INFO     2026-01-01 11:46:19,956 - INFO -  server_api.py:143
                             Verification passed                                
                    INFO     2026-01-01 11:46:19,958 - INFO -  server_api.py:196
                             Requested function：device_list                    
                    INFO     2026-01-01 11:46:19,961 - INFO -   server_api.py:44
                             Server initialization                              
                    INFO     2026-01-01 11:46:19,962 - INFO -   server_api.py:51
                             Getting client list                                
                    INFO     2026-01-01 11:46:19,964 - INFO -   server_api.py:53
                             No connected devices currently                     
[2026-01-01 11:46:19 -0500] [322995] [INFO] 127.0.0.1:53382 POST /fuck/function 1.1 200 38 17241
[2026-01-01 11:46:19 -0500] [323085] [INFO] 192.168.1.28:35058 POST /fuck/requests_to_function 1.1 200 38 50477
[01/01/26 11:46:20] INFO     2026-01-01 11:46:20,004 - INFO -  server_api.py:182
                             Received function request                          
                    INFO     2026-01-01 11:46:20,006 - INFO -  server_api.py:137
                             Performing security verification                   
                    INFO     2026-01-01 11:46:20,010 - INFO -  server_api.py:143
                             Verification passed                                
                    WARNING  2026-01-01 11:46:20,012 - WARNING server_api.py:192
                             - Function name not provided                       
[2026-01-01 11:46:20 -0500] [322995] [INFO] 127.0.0.1:53394 POST /fuck/function 1.1 400 39 11308
                    INFO     2026-01-01 11:46:20,018 - INFO -  server_api.py:182
                             Received function request                          
                    INFO     2026-01-01 11:46:20,020 - INFO -  server_api.py:137
                             Performing security verification                   
                    INFO     2026-01-01 11:46:20,024 - INFO -  server_api.py:143
                             Verification passed                                
                    INFO     2026-01-01 11:46:20,026 - INFO -  server_api.py:196
                             Requested function：device_list                    
                    INFO     2026-01-01 11:46:20,028 - INFO -   server_api.py:44
                             Server initialization                              
                    INFO     2026-01-01 11:46:20,030 - INFO -   server_api.py:51
                             Getting client list                                
                    INFO     2026-01-01 11:46:20,032 - INFO -   server_api.py:53
                             No connected devices currently                     
[2026-01-01 11:46:20 -0500] [322995] [INFO] 127.0.0.1:53398 POST /fuck/function 1.1 200 38 17034
[2026-01-01 11:46:20 -0500] [323085] [INFO] 192.168.1.28:35058 POST /fuck/requests_to_function 1.1 200 38 35067
                    INFO     2026-01-01 11:46:20,108 - INFO -  server_api.py:182
                             Received function request                          
                    INFO     2026-01-01 11:46:20,112 - INFO -  server_api.py:137
                             Performing security verification                   
                    INFO     2026-01-01 11:46:20,121 - INFO -  server_api.py:143
                             Verification passed                                
                    WARNING  2026-01-01 11:46:20,125 - WARNING server_api.py:192
                             - Function name not provided                       
[2026-01-01 11:46:20 -0500] [322995] [INFO] 127.0.0.1:53402 POST /fuck/function 1.1 400 39 23226
                    INFO     2026-01-01 11:46:20,137 - INFO -  server_api.py:182
                             Received function request                          
                    INFO     2026-01-01 11:46:20,141 - INFO -  server_api.py:137
                             Performing security verification                   
                    INFO     2026-01-01 11:46:20,148 - INFO -  server_api.py:143
                             Verification passed                                
                    INFO     2026-01-01 11:46:20,151 - INFO -  server_api.py:196
                             Requested function：device_list                    
                    INFO     2026-01-01 11:46:20,153 - INFO -   server_api.py:44
                             Server initialization                              
                    INFO     2026-01-01 11:46:20,155 - INFO -   server_api.py:51
                             Getting client list                                
                    INFO     2026-01-01 11:46:20,157 - INFO -   server_api.py:53
                             No connected devices currently                     
[2026-01-01 11:46:20 -0500] [322995] [INFO] 127.0.0.1:53408 POST /fuck/function 1.1 200 38 22861
[2026-01-01 11:46:20 -0500] [323085] [INFO] 192.168.1.28:35058 POST /fuck/requests_to_function 1.1 200 38 58376
                    INFO     2026-01-01 11:46:20,174 - INFO -  server_api.py:182
                             Received function request                          
                    INFO     2026-01-01 11:46:20,176 - INFO -  server_api.py:137
                             Performing security verification                   
                    INFO     2026-01-01 11:46:20,180 - INFO -  server_api.py:143
                             Verification passed                                
                    WARNING  2026-01-01 11:46:20,182 - WARNING server_api.py:192
                             - Function name not provided                       
[2026-01-01 11:46:20 -0500] [322995] [INFO] 127.0.0.1:53412 POST /fuck/function 1.1 400 39 11139
                    INFO     2026-01-01 11:46:20,188 - INFO -  server_api.py:182
                             Received function request                          
                    INFO     2026-01-01 11:46:20,191 - INFO -  server_api.py:137
                             Performing security verification                   
                    INFO     2026-01-01 11:46:20,195 - INFO -  server_api.py:143
                             Verification passed                                
                    INFO     2026-01-01 11:46:20,197 - INFO -  server_api.py:196
                             Requested function：device_list                    
                    INFO     2026-01-01 11:46:20,199 - INFO -   server_api.py:44
                             Server initialization                              
                    INFO     2026-01-01 11:46:20,201 - INFO -   server_api.py:51
                             Getting client list                                
                    INFO     2026-01-01 11:46:20,203 - INFO -   server_api.py:53
                             No connected devices currently                     
[2026-01-01 11:46:20 -0500] [322995] [INFO] 127.0.0.1:53416 POST /fuck/function 1.1 200 38 17846
[2026-01-01 11:46:20 -0500] [323085] [INFO] 192.168.1.28:35058 POST /fuck/requests_to_function 1.1 200 38 35592
[01/01/26 11:46:22] INFO     2026-01-01 11:46:22,228 - INFO -  server_api.py:182
                             Received function request                          
                    INFO     2026-01-01 11:46:22,230 - INFO -  server_api.py:137
                             Performing security verification                   
                    INFO     2026-01-01 11:46:22,236 - INFO -  server_api.py:143
                             Verification passed                                
                    WARNING  2026-01-01 11:46:22,240 - WARNING server_api.py:192
                             - Function name not provided                       
[2026-01-01 11:46:22 -0500] [322995] [INFO] 127.0.0.1:53428 POST /fuck/function 1.1 400 39 16612
[2026-01-01 11:46:22 -0500] [323085] [INFO] 192.168.1.28:35058 GET /fuck/ 1.1 200 3439 23182
                    INFO     2026-01-01 11:46:22,282 - INFO -  server_api.py:182
                             Received function request                          
                    INFO     2026-01-01 11:46:22,286 - INFO -  server_api.py:137
                             Performing security verification                   
                    INFO     2026-01-01 11:46:22,295 - INFO -  server_api.py:143
                             Verification passed                                
                    WARNING  2026-01-01 11:46:22,299 - WARNING server_api.py:192
                             - Function name not provided                       
[2026-01-01 11:46:22 -0500] [322995] [INFO] 127.0.0.1:53434 POST /fuck/function 1.1 400 39 23269
                    INFO     2026-01-01 11:46:22,311 - INFO -  server_api.py:182
                             Received function request                          
                    INFO     2026-01-01 11:46:22,315 - INFO -  server_api.py:137
                             Performing security verification                   
                    INFO     2026-01-01 11:46:22,320 - INFO -  server_api.py:143
                             Verification passed                                
                    INFO     2026-01-01 11:46:22,322 - INFO -  server_api.py:196
                             Requested function：device_list                    
                    INFO     2026-01-01 11:46:22,324 - INFO -   server_api.py:44
                             Server initialization                              
                    INFO     2026-01-01 11:46:22,326 - INFO -   server_api.py:51
                             Getting client list                                
                    INFO     2026-01-01 11:46:22,328 - INFO -   server_api.py:53
                             No connected devices currently                     
[2026-01-01 11:46:22 -0500] [322995] [INFO] 127.0.0.1:53442 POST /fuck/function 1.1 200 38 20686
[2026-01-01 11:46:22 -0500] [323085] [INFO] 192.168.1.28:35058 POST /fuck/requests_to_function 1.1 200 38 56382
[2026-01-01 11:46:24 -0500] [323085] [INFO] 192.168.1.28:35058 GET /fuck/logout 1.1 302 199 2101
[01/01/26 11:46:24] INFO     2026-01-01 11:46:24,850 - INFO -  server_api.py:182
                             Received function request                          
                    INFO     2026-01-01 11:46:24,854 - INFO -  server_api.py:137
                             Performing security verification                   
                    WARNING  2026-01-01 11:46:24,858 - WARNING server_api.py:140
                             - Cookie not found                                 
                    WARNING  2026-01-01 11:46:24,862 - WARNING server_api.py:185
                             - Unauthorized request                             
[2026-01-01 11:46:24 -0500] [322995] [INFO] 127.0.0.1:53458 POST /fuck/function 1.1 401 33 18635
[2026-01-01 11:46:24 -0500] [323085] [INFO] 192.168.1.28:35058 GET /fuck/ 1.1 302 209 25800
[2026-01-01 11:46:24 -0500] [323085] [INFO] 192.168.1.28:35058 GET /fuck/login 1.1 200 874 2438
[01/01/26 11:46:31] INFO     2026-01-01 11:46:31,568 - INFO -  server_api.py:159
                             Received password verification                     
                             request                                            
                    WARNING  2026-01-01 11:46:31,574 - WARNING server_api.py:173
                             - Incorrect password                               
[2026-01-01 11:46:31 -0500] [322995] [INFO] 127.0.0.1:50714 POST /fuck/verify 1.1 401 31 9722
[2026-01-01 11:46:31 -0500] [323085] [INFO] 192.168.1.28:40886 POST /fuck/login 1.1 200 939 16283
[01/01/26 11:46:37] INFO     2026-01-01 11:46:37,098 - INFO -  server_api.py:159
                             Received password verification                     
                             request                                            
                    INFO     2026-01-01 11:46:37,107 - INFO -  server_api.py:168
                             Password verification successful                   
[2026-01-01 11:46:37 -0500] [322995] [INFO] 127.0.0.1:50720 POST /fuck/verify 1.1 200 74 20133
[2026-01-01 11:46:37 -0500] [323085] [INFO] 192.168.1.28:35056 POST /fuck/login 1.1 302 199 27839
                    INFO     2026-01-01 11:46:37,175 - INFO -  server_api.py:182
                             Received function request                          
                    INFO     2026-01-01 11:46:37,179 - INFO -  server_api.py:137
                             Performing security verification                   
                    INFO     2026-01-01 11:46:37,189 - INFO -  server_api.py:143
                             Verification passed                                
                    WARNING  2026-01-01 11:46:37,193 - WARNING server_api.py:192
                             - Function name not provided                       
[2026-01-01 11:46:37 -0500] [322995] [INFO] 127.0.0.1:34596 POST /fuck/function 1.1 400 39 23989
[2026-01-01 11:46:37 -0500] [323085] [INFO] 192.168.1.28:35056 GET /fuck/ 1.1 200 3439 32105
                    INFO     2026-01-01 11:46:37,245 - INFO -  server_api.py:182
                             Received function request                          
                    INFO     2026-01-01 11:46:37,249 - INFO -  server_api.py:137
                             Performing security verification                   
                    INFO     2026-01-01 11:46:37,258 - INFO -  server_api.py:143
                             Verification passed                                
                    WARNING  2026-01-01 11:46:37,262 - WARNING server_api.py:192
                             - Function name not provided                       
[2026-01-01 11:46:37 -0500] [322995] [INFO] 127.0.0.1:34612 POST /fuck/function 1.1 400 39 23328
                    INFO     2026-01-01 11:46:37,273 - INFO -  server_api.py:182
                             Received function request                          
                    INFO     2026-01-01 11:46:37,276 - INFO -  server_api.py:137
                             Performing security verification                   
                    INFO     2026-01-01 11:46:37,280 - INFO -  server_api.py:143
                             Verification passed                                
                    INFO     2026-01-01 11:46:37,282 - INFO -  server_api.py:196
                             Requested function：device_list                    
                    INFO     2026-01-01 11:46:37,284 - INFO -   server_api.py:44
                             Server initialization                              
                    INFO     2026-01-01 11:46:37,286 - INFO -   server_api.py:51
                             Getting client list                                
                    INFO     2026-01-01 11:46:37,288 - INFO -   server_api.py:53
                             No connected devices currently                     
[2026-01-01 11:46:37 -0500] [322995] [INFO] 127.0.0.1:34614 POST /fuck/function 1.1 200 38 17838
[2026-01-01 11:46:37 -0500] [323085] [INFO] 192.168.1.28:35056 POST /fuck/requests_to_function 1.1 200 38 53052
[01/01/26 11:46:42] INFO     2026-01-01 11:46:42,250 - INFO -  server_api.py:182
                             Received function request                          
                    INFO     2026-01-01 11:46:42,253 - INFO -  server_api.py:137
                             Performing security verification                   
                    INFO     2026-01-01 11:46:42,259 - INFO -  server_api.py:143
                             Verification passed                                
                    WARNING  2026-01-01 11:46:42,262 - WARNING server_api.py:192
                             - Function name not provided                       
[2026-01-01 11:46:42 -0500] [322995] [INFO] 127.0.0.1:34622 POST /fuck/function 1.1 400 39 16715
                    INFO     2026-01-01 11:46:42,271 - INFO -  server_api.py:182
                             Received function request                          
                    INFO     2026-01-01 11:46:42,275 - INFO -  server_api.py:137
                             Performing security verification                   
                    INFO     2026-01-01 11:46:42,282 - INFO -  server_api.py:143
                             Verification passed                                
                    INFO     2026-01-01 11:46:42,285 - INFO -  server_api.py:196
                             Requested function：device_list                    
                    INFO     2026-01-01 11:46:42,288 - INFO -   server_api.py:44
                             Server initialization                              
                    INFO     2026-01-01 11:46:42,292 - INFO -   server_api.py:51
                             Getting client list                                
                    INFO     2026-01-01 11:46:42,295 - INFO -   server_api.py:53
                             No connected devices currently                     
[2026-01-01 11:46:42 -0500] [322995] [INFO] 127.0.0.1:34630 POST /fuck/function 1.1 200 38 29251
[2026-01-01 11:46:42 -0500] [323085] [INFO] 192.168.1.28:35056 POST /fuck/requests_to_function 1.1 200 38 56602
[01/01/26 11:46:47] INFO     2026-01-01 11:46:47,311 - INFO -  server_api.py:182
                             Received function request                          
                    INFO     2026-01-01 11:46:47,316 - INFO -  server_api.py:137
                             Performing security verification                   
                    INFO     2026-01-01 11:46:47,325 - INFO -  server_api.py:143
                             Verification passed                                
                    WARNING  2026-01-01 11:46:47,329 - WARNING server_api.py:192
                             - Function name not provided                       
[2026-01-01 11:46:47 -0500] [322995] [INFO] 127.0.0.1:39526 POST /fuck/function 1.1 400 39 23279
                    INFO     2026-01-01 11:46:47,340 - INFO -  server_api.py:182
                             Received function request                          
                    INFO     2026-01-01 11:46:47,344 - INFO -  server_api.py:137
                             Performing security verification                   
                    INFO     2026-01-01 11:46:47,351 - INFO -  server_api.py:143
                             Verification passed                                
                    INFO     2026-01-01 11:46:47,354 - INFO -  server_api.py:196
                             Requested function：device_list                    
                    INFO     2026-01-01 11:46:47,356 - INFO -   server_api.py:44
                             Server initialization                              
                    INFO     2026-01-01 11:46:47,358 - INFO -   server_api.py:51
                             Getting client list                                
                    INFO     2026-01-01 11:46:47,360 - INFO -   server_api.py:53
                             No connected devices currently                     
[2026-01-01 11:46:47 -0500] [322995] [INFO] 127.0.0.1:39540 POST /fuck/function 1.1 200 38 22735
[2026-01-01 11:46:47 -0500] [323085] [INFO] 192.168.1.28:35056 POST /fuck/requests_to_function 1.1 200 38 58577
[01/01/26 11:46:52] INFO     2026-01-01 11:46:52,356 - INFO -  server_api.py:182
                             Received function request                          
                    INFO     2026-01-01 11:46:52,359 - INFO -  server_api.py:137
                             Performing security verification                   
                    INFO     2026-01-01 11:46:52,364 - INFO -  server_api.py:143
                             Verification passed                                
                    WARNING  2026-01-01 11:46:52,365 - WARNING server_api.py:192
                             - Function name not provided                       
[2026-01-01 11:46:52 -0500] [322995] [INFO] 127.0.0.1:39544 POST /fuck/function 1.1 400 39 13092
                    INFO     2026-01-01 11:46:52,371 - INFO -  server_api.py:182
                             Received function request                          
                    INFO     2026-01-01 11:46:52,373 - INFO -  server_api.py:137
                             Performing security verification                   
                    INFO     2026-01-01 11:46:52,377 - INFO -  server_api.py:143
                             Verification passed                                
                    INFO     2026-01-01 11:46:52,380 - INFO -  server_api.py:196
                             Requested function：device_list                    
                    INFO     2026-01-01 11:46:52,382 - INFO -   server_api.py:44
                             Server initialization                              
                    INFO     2026-01-01 11:46:52,383 - INFO -   server_api.py:51
                             Getting client list                                
                    INFO     2026-01-01 11:46:52,385 - INFO -   server_api.py:53
                             No connected devices currently                     
[2026-01-01 11:46:52 -0500] [322995] [INFO] 127.0.0.1:39558 POST /fuck/function 1.1 200 38 17062
[2026-01-01 11:46:52 -0500] [323085] [INFO] 192.168.1.28:35056 POST /fuck/requests_to_function 1.1 200 38 39912
[01/01/26 11:46:58] INFO     2026-01-01 11:46:58,202 - INFO -  server_api.py:182
                             Received function request                          
                    INFO     2026-01-01 11:46:58,206 - INFO -  server_api.py:137
                             Performing security verification                   
                    INFO     2026-01-01 11:46:58,215 - INFO -  server_api.py:143
                             Verification passed                                
                    WARNING  2026-01-01 11:46:58,219 - WARNING server_api.py:192
                             - Function name not provided                       
[2026-01-01 11:46:58 -0500] [322995] [INFO] 127.0.0.1:54864 POST /fuck/function 1.1 400 39 23437
                    INFO     2026-01-01 11:46:58,231 - INFO -  server_api.py:182
                             Received function request                          
                    INFO     2026-01-01 11:46:58,235 - INFO -  server_api.py:137
                             Performing security verification                   
                    INFO     2026-01-01 11:46:58,241 - INFO -  server_api.py:143
                             Verification passed                                
                    INFO     2026-01-01 11:46:58,243 - INFO -  server_api.py:196
                             Requested function：device_list                    
                    INFO     2026-01-01 11:46:58,245 - INFO -   server_api.py:44
                             Server initialization                              
                    INFO     2026-01-01 11:46:58,247 - INFO -   server_api.py:51
                             Getting client list                                
                    INFO     2026-01-01 11:46:58,249 - INFO -   server_api.py:53
                             No connected devices currently                     
[2026-01-01 11:46:58 -0500] [322995] [INFO] 127.0.0.1:54866 POST /fuck/function 1.1 200 38 21266
[2026-01-01 11:46:58 -0500] [323085] [INFO] 192.168.1.28:45456 POST /fuck/requests_to_function 1.1 200 38 57048
[01/01/26 12:05:41] INFO     2026-01-01 12:05:41,787 - INFO -  server_api.py:182
                             Received function request                          
                    INFO     2026-01-01 12:05:41,791 - INFO -  server_api.py:137
                             Performing security verification                   
                    INFO     2026-01-01 12:05:41,800 - INFO -  server_api.py:143
                             Verification passed                                
                    WARNING  2026-01-01 12:05:41,804 - WARNING server_api.py:192
                             - Function name not provided                       
[2026-01-01 12:05:41 -0500] [322995] [INFO] 127.0.0.1:52930 POST /fuck/function 1.1 400 39 23702
                    INFO     2026-01-01 12:05:41,816 - INFO -  server_api.py:182
                             Received function request                          
                    INFO     2026-01-01 12:05:41,820 - INFO -  server_api.py:137
                             Performing security verification                   
                    INFO     2026-01-01 12:05:41,826 - INFO -  server_api.py:143
                             Verification passed                                
                    INFO     2026-01-01 12:05:41,828 - INFO -  server_api.py:196
                             Requested function：device_list                    
                    INFO     2026-01-01 12:05:41,830 - INFO -   server_api.py:44
                             Server initialization                              
                    INFO     2026-01-01 12:05:41,832 - INFO -   server_api.py:51
                             Getting client list                                
                    INFO     2026-01-01 12:05:41,834 - INFO -   server_api.py:53
                             No connected devices currently                     
[2026-01-01 12:05:41 -0500] [322995] [INFO] 127.0.0.1:52944 POST /fuck/function 1.1 200 38 20884
[2026-01-01 12:05:41 -0500] [323085] [INFO] 192.168.1.28:52782 POST /fuck/requests_to_function 1.1 200 38 59011
                    INFO     2026-01-01 12:05:41,841 - INFO -  server_api.py:182
                             Received function request                          
                    INFO     2026-01-01 12:05:41,843 - INFO -  server_api.py:137
                             Performing security verification                   
                    INFO     2026-01-01 12:05:41,847 - INFO -  server_api.py:143
                             Verification passed                                
                    WARNING  2026-01-01 12:05:41,849 - WARNING server_api.py:192
                             - Function name not provided                       
[2026-01-01 12:05:41 -0500] [322995] [INFO] 127.0.0.1:52954 POST /fuck/function 1.1 400 39 11252
                    INFO     2026-01-01 12:05:41,855 - INFO -  server_api.py:182
                             Received function request                          
                    INFO     2026-01-01 12:05:41,857 - INFO -  server_api.py:137
                             Performing security verification                   
                    INFO     2026-01-01 12:05:41,861 - INFO -  server_api.py:143
                             Verification passed                                
                    INFO     2026-01-01 12:05:41,863 - INFO -  server_api.py:196
                             Requested function：device_list                    
                    INFO     2026-01-01 12:05:41,865 - INFO -   server_api.py:44
                             Server initialization                              
                    INFO     2026-01-01 12:05:41,867 - INFO -   server_api.py:51
                             Getting client list                                
                    INFO     2026-01-01 12:05:41,869 - INFO -   server_api.py:53
                             No connected devices currently                     
[2026-01-01 12:05:41 -0500] [322995] [INFO] 127.0.0.1:52962 POST /fuck/function 1.1 200 38 17309
[2026-01-01 12:05:41 -0500] [323085] [INFO] 192.168.1.28:52764 POST /fuck/requests_to_function 1.1 200 38 93920
                    INFO     2026-01-01 12:05:41,876 - INFO -  server_api.py:182
                             Received function request                          
                    INFO     2026-01-01 12:05:41,878 - INFO -  server_api.py:137
                             Performing security verification                   
                    INFO     2026-01-01 12:05:41,882 - INFO -  server_api.py:143
                             Verification passed                                
                    WARNING  2026-01-01 12:05:41,884 - WARNING server_api.py:192
                             - Function name not provided                       
[2026-01-01 12:05:41 -0500] [322995] [INFO] 127.0.0.1:52974 POST /fuck/function 1.1 400 39 11158
                    INFO     2026-01-01 12:05:41,890 - INFO -  server_api.py:182
                             Received function request                          
                    INFO     2026-01-01 12:05:41,892 - INFO -  server_api.py:137
                             Performing security verification                   
                    INFO     2026-01-01 12:05:41,896 - INFO -  server_api.py:143
                             Verification passed                                
                    INFO     2026-01-01 12:05:41,898 - INFO -  server_api.py:196
                             Requested function：device_list                    
                    INFO     2026-01-01 12:05:41,900 - INFO -   server_api.py:44
                             Server initialization                              
                    INFO     2026-01-01 12:05:41,902 - INFO -   server_api.py:51
                             Getting client list                                
                    INFO     2026-01-01 12:05:41,904 - INFO -   server_api.py:53
                             No connected devices currently                     
[2026-01-01 12:05:41 -0500] [322995] [INFO] 127.0.0.1:52988 POST /fuck/function 1.1 200 38 16978
[2026-01-01 12:05:41 -0500] [323085] [INFO] 192.168.1.28:52754 POST /fuck/requests_to_function 1.1 200 38 128288
                    INFO     2026-01-01 12:05:41,911 - INFO -  server_api.py:182
                             Received function request                          
                    INFO     2026-01-01 12:05:41,913 - INFO -  server_api.py:137
                             Performing security verification                   
                    INFO     2026-01-01 12:05:41,918 - INFO -  server_api.py:143
                             Verification passed                                
                    WARNING  2026-01-01 12:05:41,920 - WARNING server_api.py:192
                             - Function name not provided                       
[2026-01-01 12:05:41 -0500] [322995] [INFO] 127.0.0.1:52994 POST /fuck/function 1.1 400 39 12074
                    INFO     2026-01-01 12:05:41,926 - INFO -  server_api.py:182
                             Received function request                          
                    INFO     2026-01-01 12:05:41,928 - INFO -  server_api.py:137
                             Performing security verification                   
                    INFO     2026-01-01 12:05:41,932 - INFO -  server_api.py:143
                             Verification passed                                
                    INFO     2026-01-01 12:05:41,934 - INFO -  server_api.py:196
                             Requested function：device_list                    
                    INFO     2026-01-01 12:05:41,936 - INFO -   server_api.py:44
                             Server initialization                              
                    INFO     2026-01-01 12:05:41,938 - INFO -   server_api.py:51
                             Getting client list                                
                    INFO     2026-01-01 12:05:41,940 - INFO -   server_api.py:53
                             No connected devices currently                     
[2026-01-01 12:05:41 -0500] [322995] [INFO] 127.0.0.1:53008 POST /fuck/function 1.1 200 38 17050
[2026-01-01 12:05:41 -0500] [323085] [INFO] 192.168.1.28:52780 POST /fuck/requests_to_function 1.1 200 38 163952
                    INFO     2026-01-01 12:05:41,947 - INFO -  server_api.py:182
                             Received function request                          
                    INFO     2026-01-01 12:05:41,949 - INFO -  server_api.py:137
                             Performing security verification                   
                    INFO     2026-01-01 12:05:41,953 - INFO -  server_api.py:143
                             Verification passed                                
                    WARNING  2026-01-01 12:05:41,955 - WARNING server_api.py:192
                             - Function name not provided                       
[2026-01-01 12:05:41 -0500] [322995] [INFO] 127.0.0.1:53016 POST /fuck/function 1.1 400 39 11131
                    INFO     2026-01-01 12:05:41,960 - INFO -  server_api.py:182
                             Received function request                          
                    INFO     2026-01-01 12:05:41,962 - INFO -  server_api.py:137
                             Performing security verification                   
                    INFO     2026-01-01 12:05:41,967 - INFO -  server_api.py:143
                             Verification passed                                
                    INFO     2026-01-01 12:05:41,970 - INFO -  server_api.py:196
                             Requested function：device_list                    
                    INFO     2026-01-01 12:05:41,972 - INFO -   server_api.py:44
                             Server initialization                              
                    INFO     2026-01-01 12:05:41,974 - INFO -   server_api.py:51
                             Getting client list                                
                    INFO     2026-01-01 12:05:41,976 - INFO -   server_api.py:53
                             No connected devices currently                     
[2026-01-01 12:05:41 -0500] [322995] [INFO] 127.0.0.1:53028 POST /fuck/function 1.1 200 38 17868
[2026-01-01 12:05:41 -0500] [323085] [INFO] 192.168.1.28:52796 POST /fuck/requests_to_function 1.1 200 38 199296
[01/02/26 04:09:12] INFO     2026-01-02 04:09:12,505 - INFO -  server_api.py:182
                             Received function request                          
                    INFO     2026-01-02 04:09:12,511 - INFO -  server_api.py:137
                             Performing security verification                   
                    INFO     2026-01-02 04:09:12,520 - INFO -  server_api.py:143
                             Verification passed                                
                    WARNING  2026-01-02 04:09:12,527 - WARNING server_api.py:192
                             - Function name not provided                       
[2026-01-02 04:09:12 -0500] [322995] [INFO] 127.0.0.1:35782 POST /fuck/function 1.1 400 39 31297
[2026-01-02 04:09:12 -0500] [323085] [INFO] 127.0.0.1:57916 GET /fuck/ 1.1 - - 41825
[2026-01-02 04:09:12 -0500] [323085] [INFO] 127.0.0.1:57916 GET /fuck/ 1.1 200 3439 42721
                    INFO     2026-01-02 04:09:12,853 - INFO -  server_api.py:182
                             Received function request                          
                    INFO     2026-01-02 04:09:12,855 - INFO -  server_api.py:137
                             Performing security verification                   
                    INFO     2026-01-02 04:09:12,860 - INFO -  server_api.py:143
                             Verification passed                                
                    WARNING  2026-01-02 04:09:12,862 - WARNING server_api.py:192
                             - Function name not provided                       
[2026-01-02 04:09:12 -0500] [322995] [INFO] 127.0.0.1:35786 POST /fuck/function 1.1 400 39 12061
                    INFO     2026-01-02 04:09:12,868 - INFO -  server_api.py:182
                             Received function request                          
                    INFO     2026-01-02 04:09:12,870 - INFO -  server_api.py:137
                             Performing security verification                   
                    INFO     2026-01-02 04:09:12,875 - INFO -  server_api.py:143
                             Verification passed                                
                    INFO     2026-01-02 04:09:12,877 - INFO -  server_api.py:196
                             Requested function：device_list                    
                    INFO     2026-01-02 04:09:12,880 - INFO -   server_api.py:44
                             Server initialization                              
                    INFO     2026-01-02 04:09:12,882 - INFO -   server_api.py:51
                             Getting client list                                
                    INFO     2026-01-02 04:09:12,884 - INFO -   server_api.py:53
                             No connected devices currently                     
[2026-01-02 04:09:12 -0500] [322995] [INFO] 127.0.0.1:35798 POST /fuck/function 1.1 200 38 19196
[2026-01-02 04:09:12 -0500] [323085] [INFO] 127.0.0.1:57920 POST /fuck/requests_to_function 1.1 200 38 39336
[2026-01-02 04:09:12 -0500] [323085] [INFO] 127.0.0.1:57920 GET /favicon.ico 1.1 - - 1313
[2026-01-02 04:09:12 -0500] [323085] [INFO] 127.0.0.1:57920 GET /favicon.ico 1.1 404 207 1771
[01/02/26 04:09:13] INFO     2026-01-02 04:09:13,752 - INFO -  server_api.py:182
                             Received function request                          
                    INFO     2026-01-02 04:09:13,756 - INFO -  server_api.py:137
                             Performing security verification                   
                    INFO     2026-01-02 04:09:13,763 - INFO -  server_api.py:143
                             Verification passed                                
                    WARNING  2026-01-02 04:09:13,767 - WARNING server_api.py:192
                             - Function name not provided                       
[2026-01-02 04:09:13 -0500] [322995] [INFO] 127.0.0.1:35800 POST /fuck/function 1.1 400 39 20324
[2026-01-02 04:09:13 -0500] [323085] [INFO] 127.0.0.1:57930 GET /fuck/ 1.1 200 3439 26728
[01/02/26 04:09:14] INFO     2026-01-02 04:09:14,016 - INFO -  server_api.py:182
                             Received function request                          
                    INFO     2026-01-02 04:09:14,019 - INFO -  server_api.py:137
                             Performing security verification                   
                    INFO     2026-01-02 04:09:14,023 - INFO -  server_api.py:143
                             Verification passed                                
                    WARNING  2026-01-02 04:09:14,026 - WARNING server_api.py:192
                             - Function name not provided                       
[2026-01-02 04:09:14 -0500] [322995] [INFO] 127.0.0.1:35802 POST /fuck/function 1.1 400 39 13079
                    INFO     2026-01-02 04:09:14,033 - INFO -  server_api.py:182
                             Received function request                          
                    INFO     2026-01-02 04:09:14,035 - INFO -  server_api.py:137
                             Performing security verification                   
                    INFO     2026-01-02 04:09:14,040 - INFO -  server_api.py:143
                             Verification passed                                
                    INFO     2026-01-02 04:09:14,043 - INFO -  server_api.py:196
                             Requested function：device_list                    
                    INFO     2026-01-02 04:09:14,046 - INFO -   server_api.py:44
                             Server initialization                              
                    INFO     2026-01-02 04:09:14,048 - INFO -   server_api.py:51
                             Getting client list                                
                    INFO     2026-01-02 04:09:14,050 - INFO -   server_api.py:53
                             No connected devices currently                     
[2026-01-02 04:09:14 -0500] [322995] [INFO] 127.0.0.1:35818 POST /fuck/function 1.1 200 38 21196
[2026-01-02 04:09:14 -0500] [323085] [INFO] 127.0.0.1:57930 POST /fuck/requests_to_function 1.1 200 38 42696
[01/02/26 04:09:18] INFO     2026-01-02 04:09:18,935 - INFO -  server_api.py:182
                             Received function request                          
                    INFO     2026-01-02 04:09:18,940 - INFO -  server_api.py:137
                             Performing security verification                   
                    INFO     2026-01-02 04:09:18,950 - INFO -  server_api.py:143
                             Verification passed                                
                    WARNING  2026-01-02 04:09:18,955 - WARNING server_api.py:192
                             - Function name not provided                       
[2026-01-02 04:09:18 -0500] [322995] [INFO] 127.0.0.1:49444 POST /fuck/function 1.1 400 39 26359
                    INFO     2026-01-02 04:09:18,968 - INFO -  server_api.py:182
                             Received function request                          
                    INFO     2026-01-02 04:09:18,972 - INFO -  server_api.py:137
                             Performing security verification                   
                    INFO     2026-01-02 04:09:18,982 - INFO -  server_api.py:143
                             Verification passed                                
                    INFO     2026-01-02 04:09:18,987 - INFO -  server_api.py:196
                             Requested function：device_list                    
                    INFO     2026-01-02 04:09:18,992 - INFO -   server_api.py:44
                             Server initialization                              
                    INFO     2026-01-02 04:09:18,997 - INFO -   server_api.py:51
                             Getting client list                                
[01/02/26 04:09:19] INFO     2026-01-02 04:09:19,001 - INFO -   server_api.py:53
                             No connected devices currently                     
[2026-01-02 04:09:19 -0500] [322995] [INFO] 127.0.0.1:49460 POST /fuck/function 1.1 200 38 40038
[2026-01-02 04:09:19 -0500] [323085] [INFO] 127.0.0.1:57930 POST /fuck/requests_to_function 1.1 200 38 80554
[01/02/26 04:09:23] INFO     2026-01-02 04:09:23,949 - INFO -  server_api.py:182
                             Received function request                          
                    INFO     2026-01-02 04:09:23,953 - INFO -  server_api.py:137
                             Performing security verification                   
                    INFO     2026-01-02 04:09:23,962 - INFO -  server_api.py:143
                             Verification passed                                
                    WARNING  2026-01-02 04:09:23,967 - WARNING server_api.py:192
                             - Function name not provided                       
[2026-01-02 04:09:23 -0500] [322995] [INFO] 127.0.0.1:49474 POST /fuck/function 1.1 400 39 23915
                    INFO     2026-01-02 04:09:23,978 - INFO -  server_api.py:182
                             Received function request                          
                    INFO     2026-01-02 04:09:23,983 - INFO -  server_api.py:137
                             Performing security verification                   
                    INFO     2026-01-02 04:09:23,992 - INFO -  server_api.py:143
                             Verification passed                                
                    INFO     2026-01-02 04:09:23,996 - INFO -  server_api.py:196
                             Requested function：device_list                    
[01/02/26 04:09:24] INFO     2026-01-02 04:09:24,001 - INFO -   server_api.py:44
                             Server initialization                              
                    INFO     2026-01-02 04:09:24,005 - INFO -   server_api.py:51
                             Getting client list                                
                    INFO     2026-01-02 04:09:24,009 - INFO -   server_api.py:53
                             No connected devices currently                     
[2026-01-02 04:09:24 -0500] [322995] [INFO] 127.0.0.1:49476 POST /fuck/function 1.1 200 38 36931
[2026-01-02 04:09:24 -0500] [323085] [INFO] 127.0.0.1:57930 POST /fuck/requests_to_function 1.1 200 38 74352
[01/02/26 04:09:28] INFO     2026-01-02 04:09:28,965 - INFO -  server_api.py:182
                             Received function request                          
                    INFO     2026-01-02 04:09:28,972 - INFO -  server_api.py:137
                             Performing security verification                   
                    INFO     2026-01-02 04:09:28,982 - INFO -  server_api.py:143
                             Verification passed                                
                    WARNING  2026-01-02 04:09:28,989 - WARNING server_api.py:192
                             - Function name not provided                       
[2026-01-02 04:09:28 -0500] [322995] [INFO] 127.0.0.1:47838 POST /fuck/function 1.1 400 39 32100
[01/02/26 04:09:29] INFO     2026-01-02 04:09:29,006 - INFO -  server_api.py:182
                             Received function request                          
                    INFO     2026-01-02 04:09:29,011 - INFO -  server_api.py:137
                             Performing security verification                   
                    INFO     2026-01-02 04:09:29,022 - INFO -  server_api.py:143
                             Verification passed                                
                    INFO     2026-01-02 04:09:29,029 - INFO -  server_api.py:196
                             Requested function：device_list                    
                    INFO     2026-01-02 04:09:29,034 - INFO -   server_api.py:44
                             Server initialization                              
                    INFO     2026-01-02 04:09:29,040 - INFO -   server_api.py:51
                             Getting client list                                
                    INFO     2026-01-02 04:09:29,045 - INFO -   server_api.py:53
                             No connected devices currently                     
[2026-01-02 04:09:29 -0500] [322995] [INFO] 127.0.0.1:47850 POST /fuck/function 1.1 200 38 46558
[2026-01-02 04:09:29 -0500] [323085] [INFO] 127.0.0.1:57930 POST /fuck/requests_to_function 1.1 200 38 97604
[01/02/26 04:09:33] INFO     2026-01-02 04:09:33,944 - INFO -  server_api.py:182
                             Received function request                          
                    INFO     2026-01-02 04:09:33,949 - INFO -  server_api.py:137
                             Performing security verification                   
                    INFO     2026-01-02 04:09:33,957 - INFO -  server_api.py:143
                             Verification passed                                
                    WARNING  2026-01-02 04:09:33,961 - WARNING server_api.py:192
                             - Function name not provided                       
[2026-01-02 04:09:33 -0500] [322995] [INFO] 127.0.0.1:47864 POST /fuck/function 1.1 400 39 21738
                    INFO     2026-01-02 04:09:33,971 - INFO -  server_api.py:182
                             Received function request                          
                    INFO     2026-01-02 04:09:33,975 - INFO -  server_api.py:137
                             Performing security verification                   
                    INFO     2026-01-02 04:09:33,982 - INFO -  server_api.py:143
                             Verification passed                                
                    INFO     2026-01-02 04:09:33,986 - INFO -  server_api.py:196
                             Requested function：device_list                    
                    INFO     2026-01-02 04:09:33,990 - INFO -   server_api.py:44
                             Server initialization                              
                    INFO     2026-01-02 04:09:33,993 - INFO -   server_api.py:51
                             Getting client list                                
                    INFO     2026-01-02 04:09:33,997 - INFO -   server_api.py:53
                             No connected devices currently                     
[2026-01-02 04:09:34 -0500] [322995] [INFO] 127.0.0.1:47866 POST /fuck/function 1.1 200 38 31122
[2026-01-02 04:09:34 -0500] [323085] [INFO] 127.0.0.1:57930 POST /fuck/requests_to_function 1.1 200 38 65512
[01/02/26 04:09:38] INFO     2026-01-02 04:09:38,949 - INFO -  server_api.py:182
                             Received function request                          
                    INFO     2026-01-02 04:09:38,955 - INFO -  server_api.py:137
                             Performing security verification                   
                    INFO     2026-01-02 04:09:38,965 - INFO -  server_api.py:143
                             Verification passed                                
                    WARNING  2026-01-02 04:09:38,970 - WARNING server_api.py:192
                             - Function name not provided                       
[2026-01-02 04:09:38 -0500] [322995] [INFO] 127.0.0.1:40836 POST /fuck/function 1.1 400 39 27679
                    INFO     2026-01-02 04:09:38,982 - INFO -  server_api.py:182
                             Received function request                          
                    INFO     2026-01-02 04:09:38,987 - INFO -  server_api.py:137
                             Performing security verification                   
                    INFO     2026-01-02 04:09:38,996 - INFO -  server_api.py:143
                             Verification passed                                
[01/02/26 04:09:39] INFO     2026-01-02 04:09:39,001 - INFO -  server_api.py:196
                             Requested function：device_list                    
                    INFO     2026-01-02 04:09:39,005 - INFO -   server_api.py:44
                             Server initialization                              
                    INFO     2026-01-02 04:09:39,009 - INFO -   server_api.py:51
                             Getting client list                                
                    INFO     2026-01-02 04:09:39,013 - INFO -   server_api.py:53
                             No connected devices currently                     
[2026-01-02 04:09:39 -0500] [322995] [INFO] 127.0.0.1:40844 POST /fuck/function 1.1 200 38 36906
[2026-01-02 04:09:39 -0500] [323085] [INFO] 127.0.0.1:57930 POST /fuck/requests_to_function 1.1 200 38 78792
[01/02/26 04:09:43] INFO     2026-01-02 04:09:43,952 - INFO -  server_api.py:182
                             Received function request                          
                    INFO     2026-01-02 04:09:43,957 - INFO -  server_api.py:137
                             Performing security verification                   
                    INFO     2026-01-02 04:09:43,966 - INFO -  server_api.py:143
                             Verification passed                                
                    WARNING  2026-01-02 04:09:43,970 - WARNING server_api.py:192
                             - Function name not provided                       
[2026-01-02 04:09:43 -0500] [322995] [INFO] 127.0.0.1:40858 POST /fuck/function 1.1 400 39 24369
                    INFO     2026-01-02 04:09:43,983 - INFO -  server_api.py:182
                             Received function request                          
                    INFO     2026-01-02 04:09:43,988 - INFO -  server_api.py:137
                             Performing security verification                   
                    INFO     2026-01-02 04:09:43,997 - INFO -  server_api.py:143
                             Verification passed                                
[01/02/26 04:09:44] INFO     2026-01-02 04:09:44,001 - INFO -  server_api.py:196
                             Requested function：device_list                    
                    INFO     2026-01-02 04:09:44,006 - INFO -   server_api.py:44
                             Server initialization                              
                    INFO     2026-01-02 04:09:44,010 - INFO -   server_api.py:51
                             Getting client list                                
                    INFO     2026-01-02 04:09:44,014 - INFO -   server_api.py:53
                             No connected devices currently                     
[2026-01-02 04:09:44 -0500] [322995] [INFO] 127.0.0.1:40864 POST /fuck/function 1.1 200 38 37096
[2026-01-02 04:09:44 -0500] [323085] [INFO] 127.0.0.1:57930 POST /fuck/requests_to_function 1.1 200 38 76941
[01/02/26 04:09:48] INFO     2026-01-02 04:09:48,951 - INFO -  server_api.py:182
                             Received function request                          
                    INFO     2026-01-02 04:09:48,955 - INFO -  server_api.py:137
                             Performing security verification                   
                    INFO     2026-01-02 04:09:48,964 - INFO -  server_api.py:143
                             Verification passed                                
                    WARNING  2026-01-02 04:09:48,968 - WARNING server_api.py:192
                             - Function name not provided                       
[2026-01-02 04:09:48 -0500] [322995] [INFO] 127.0.0.1:42936 POST /fuck/function 1.1 400 39 24767
                    INFO     2026-01-02 04:09:48,981 - INFO -  server_api.py:182
                             Received function request                          
                    INFO     2026-01-02 04:09:48,985 - INFO -  server_api.py:137
                             Performing security verification                   
                    INFO     2026-01-02 04:09:48,994 - INFO -  server_api.py:143
                             Verification passed                                
                    INFO     2026-01-02 04:09:48,999 - INFO -  server_api.py:196
                             Requested function：device_list                    
[01/02/26 04:09:49] INFO     2026-01-02 04:09:49,003 - INFO -   server_api.py:44
                             Server initialization                              
                    INFO     2026-01-02 04:09:49,007 - INFO -   server_api.py:51
                             Getting client list                                
                    INFO     2026-01-02 04:09:49,011 - INFO -   server_api.py:53
                             No connected devices currently                     
[2026-01-02 04:09:49 -0500] [322995] [INFO] 127.0.0.1:42948 POST /fuck/function 1.1 200 38 35669
[2026-01-02 04:09:49 -0500] [323085] [INFO] 127.0.0.1:57930 POST /fuck/requests_to_function 1.1 200 38 74164
[01/02/26 04:09:54] INFO     2026-01-02 04:09:54,004 - INFO -  server_api.py:182
                             Received function request                          
                    INFO     2026-01-02 04:09:54,008 - INFO -  server_api.py:137
                             Performing security verification                   
                    INFO     2026-01-02 04:09:54,017 - INFO -  server_api.py:143
                             Verification passed                                
                    WARNING  2026-01-02 04:09:54,021 - WARNING server_api.py:192
                             - Function name not provided                       
[2026-01-02 04:09:54 -0500] [322995] [INFO] 127.0.0.1:42954 POST /fuck/function 1.1 400 39 25386
                    INFO     2026-01-02 04:09:54,036 - INFO -  server_api.py:182
                             Received function request                          
                    INFO     2026-01-02 04:09:54,040 - INFO -  server_api.py:137
                             Performing security verification                   
                    INFO     2026-01-02 04:09:54,049 - INFO -  server_api.py:143
                             Verification passed                                
                    INFO     2026-01-02 04:09:54,053 - INFO -  server_api.py:196
                             Requested function：device_list                    
                    INFO     2026-01-02 04:09:54,057 - INFO -   server_api.py:44
                             Server initialization                              
                    INFO     2026-01-02 04:09:54,061 - INFO -   server_api.py:51
                             Getting client list                                
                    INFO     2026-01-02 04:09:54,065 - INFO -   server_api.py:53
                             No connected devices currently                     
[2026-01-02 04:09:54 -0500] [322995] [INFO] 127.0.0.1:42964 POST /fuck/function 1.1 200 38 35772
[2026-01-02 04:09:54 -0500] [323085] [INFO] 127.0.0.1:57930 POST /fuck/requests_to_function 1.1 200 38 75666
[01/02/26 04:09:58] INFO     2026-01-02 04:09:58,957 - INFO -  server_api.py:182
                             Received function request                          
                    INFO     2026-01-02 04:09:58,962 - INFO -  server_api.py:137
                             Performing security verification                   
                    INFO     2026-01-02 04:09:58,973 - INFO -  server_api.py:143
                             Verification passed                                
                    WARNING  2026-01-02 04:09:58,979 - WARNING server_api.py:192
                             - Function name not provided                       
[2026-01-02 04:09:58 -0500] [322995] [INFO] 127.0.0.1:41168 POST /fuck/function 1.1 400 39 28576
                    INFO     2026-01-02 04:09:58,997 - INFO -  server_api.py:182
                             Received function request                          
[01/02/26 04:09:59] INFO     2026-01-02 04:09:59,004 - INFO -  server_api.py:137
                             Performing security verification                   
                    INFO     2026-01-02 04:09:59,015 - INFO -  server_api.py:143
                             Verification passed                                
                    INFO     2026-01-02 04:09:59,022 - INFO -  server_api.py:196
                             Requested function：device_list                    
                    INFO     2026-01-02 04:09:59,029 - INFO -   server_api.py:44
                             Server initialization                              
                    INFO     2026-01-02 04:09:59,035 - INFO -   server_api.py:51
                             Getting client list                                
                    INFO     2026-01-02 04:09:59,039 - INFO -   server_api.py:53
                             No connected devices currently                     
[2026-01-02 04:09:59 -0500] [322995] [INFO] 127.0.0.1:41180 POST /fuck/function 1.1 200 38 49304
[2026-01-02 04:09:59 -0500] [323085] [INFO] 127.0.0.1:57930 POST /fuck/requests_to_function 1.1 200 38 95495
[01/02/26 04:10:03] INFO     2026-01-02 04:10:03,954 - INFO -  server_api.py:182
                             Received function request                          
                    INFO     2026-01-02 04:10:03,959 - INFO -  server_api.py:137
                             Performing security verification                   
                    INFO     2026-01-02 04:10:03,969 - INFO -  server_api.py:143
                             Verification passed                                
                    WARNING  2026-01-02 04:10:03,973 - WARNING server_api.py:192
                             - Function name not provided                       
[2026-01-02 04:10:03 -0500] [322995] [INFO] 127.0.0.1:41196 POST /fuck/function 1.1 400 39 25955
                    INFO     2026-01-02 04:10:03,987 - INFO -  server_api.py:182
                             Received function request                          
                    INFO     2026-01-02 04:10:03,991 - INFO -  server_api.py:137
                             Performing security verification                   
[01/02/26 04:10:04] INFO     2026-01-02 04:10:04,000 - INFO -  server_api.py:143
                             Verification passed                                
                    INFO     2026-01-02 04:10:04,005 - INFO -  server_api.py:196
                             Requested function：device_list                    
                    INFO     2026-01-02 04:10:04,009 - INFO -   server_api.py:44
                             Server initialization                              
                    INFO     2026-01-02 04:10:04,013 - INFO -   server_api.py:51
                             Getting client list                                
                    INFO     2026-01-02 04:10:04,018 - INFO -   server_api.py:53
                             No connected devices currently                     
[2026-01-02 04:10:04 -0500] [322995] [INFO] 127.0.0.1:41208 POST /fuck/function 1.1 200 38 37380
[2026-01-02 04:10:04 -0500] [323085] [INFO] 127.0.0.1:57930 POST /fuck/requests_to_function 1.1 200 38 78671
[01/02/26 04:10:08] INFO     2026-01-02 04:10:08,955 - INFO -  server_api.py:182
                             Received function request                          
                    INFO     2026-01-02 04:10:08,960 - INFO -  server_api.py:137
                             Performing security verification                   
                    INFO     2026-01-02 04:10:08,969 - INFO -  server_api.py:143
                             Verification passed                                
                    WARNING  2026-01-02 04:10:08,974 - WARNING server_api.py:192
                             - Function name not provided                       
[2026-01-02 04:10:08 -0500] [322995] [INFO] 127.0.0.1:42372 POST /fuck/function 1.1 400 39 26309
                    INFO     2026-01-02 04:10:08,989 - INFO -  server_api.py:182
                             Received function request                          
                    INFO     2026-01-02 04:10:08,993 - INFO -  server_api.py:137
                             Performing security verification                   
[01/02/26 04:10:09] INFO     2026-01-02 04:10:09,002 - INFO -  server_api.py:143
                             Verification passed                                
                    INFO     2026-01-02 04:10:09,007 - INFO -  server_api.py:196
                             Requested function：device_list                    
                    INFO     2026-01-02 04:10:09,012 - INFO -   server_api.py:44
                             Server initialization                              
                    INFO     2026-01-02 04:10:09,016 - INFO -   server_api.py:51
                             Getting client list                                
                    INFO     2026-01-02 04:10:09,020 - INFO -   server_api.py:53
                             No connected devices currently                     
[2026-01-02 04:10:09 -0500] [322995] [INFO] 127.0.0.1:42384 POST /fuck/function 1.1 200 38 37759
[2026-01-02 04:10:09 -0500] [323085] [INFO] 127.0.0.1:57930 POST /fuck/requests_to_function 1.1 200 38 81304
                    INFO     2026-01-02 04:10:09,287 - INFO -  server_api.py:182
                             Received function request                          
                    INFO     2026-01-02 04:10:09,293 - INFO -  server_api.py:137
                             Performing security verification                   
                    INFO     2026-01-02 04:10:09,303 - INFO -  server_api.py:143
                             Verification passed                                
                    WARNING  2026-01-02 04:10:09,308 - WARNING server_api.py:192
                             - Function name not provided                       
[2026-01-02 04:10:09 -0500] [322995] [INFO] 127.0.0.1:42386 POST /fuck/function 1.1 400 39 28369
[2026-01-02 04:10:09 -0500] [323085] [INFO] 127.0.0.1:57930 GET /fuck/ 1.1 200 3439 38800
                    INFO     2026-01-02 04:10:09,749 - INFO -  server_api.py:182
                             Received function request                          
                    INFO     2026-01-02 04:10:09,751 - INFO -  server_api.py:137
                             Performing security verification                   
                    INFO     2026-01-02 04:10:09,755 - INFO -  server_api.py:143
                             Verification passed                                
                    WARNING  2026-01-02 04:10:09,758 - WARNING server_api.py:192
                             - Function name not provided                       
[2026-01-02 04:10:09 -0500] [322995] [INFO] 127.0.0.1:42396 POST /fuck/function 1.1 400 39 12203
                    INFO     2026-01-02 04:10:09,764 - INFO -  server_api.py:182
                             Received function request                          
                    INFO     2026-01-02 04:10:09,766 - INFO -  server_api.py:137
                             Performing security verification                   
                    INFO     2026-01-02 04:10:09,771 - INFO -  server_api.py:143
                             Verification passed                                
                    INFO     2026-01-02 04:10:09,773 - INFO -  server_api.py:196
                             Requested function：device_list                    
                    INFO     2026-01-02 04:10:09,775 - INFO -   server_api.py:44
                             Server initialization                              
                    INFO     2026-01-02 04:10:09,778 - INFO -   server_api.py:51
                             Getting client list                                
                    INFO     2026-01-02 04:10:09,780 - INFO -   server_api.py:53
                             No connected devices currently                     
[2026-01-02 04:10:09 -0500] [322995] [INFO] 127.0.0.1:42404 POST /fuck/function 1.1 200 38 19457
[2026-01-02 04:10:09 -0500] [323085] [INFO] 127.0.0.1:57930 POST /fuck/requests_to_function 1.1 200 38 39491
[01/02/26 04:10:14] INFO     2026-01-02 04:10:14,700 - INFO -  server_api.py:182
                             Received function request                          
                    INFO     2026-01-02 04:10:14,706 - INFO -  server_api.py:137
                             Performing security verification                   
                    INFO     2026-01-02 04:10:14,718 - INFO -  server_api.py:143
                             Verification passed                                
                    WARNING  2026-01-02 04:10:14,726 - WARNING server_api.py:192
                             - Function name not provided                       
[2026-01-02 04:10:14 -0500] [322995] [INFO] 127.0.0.1:42408 POST /fuck/function 1.1 400 39 34729
                    INFO     2026-01-02 04:10:14,742 - INFO -  server_api.py:182
                             Received function request                          
                    INFO     2026-01-02 04:10:14,748 - INFO -  server_api.py:137
                             Performing security verification                   
                    INFO     2026-01-02 04:10:14,761 - INFO -  server_api.py:143
                             Verification passed                                
                    INFO     2026-01-02 04:10:14,768 - INFO -  server_api.py:196
                             Requested function：device_list                    
                    INFO     2026-01-02 04:10:14,774 - INFO -   server_api.py:44
                             Server initialization                              
                    INFO     2026-01-02 04:10:14,780 - INFO -   server_api.py:51
                             Getting client list                                
                    INFO     2026-01-02 04:10:14,785 - INFO -   server_api.py:53
                             No connected devices currently                     
[2026-01-02 04:10:14 -0500] [322995] [INFO] 127.0.0.1:42418 POST /fuck/function 1.1 200 38 51116
[2026-01-02 04:10:14 -0500] [323085] [INFO] 127.0.0.1:57930 POST /fuck/requests_to_function 1.1 200 38 101798
[01/02/26 04:10:19] INFO     2026-01-02 04:10:19,612 - INFO -  server_api.py:182
                             Received function request                          
                    INFO     2026-01-02 04:10:19,617 - INFO -  server_api.py:137
                             Performing security verification                   
                    INFO     2026-01-02 04:10:19,626 - INFO -  server_api.py:143
                             Verification passed                                
                    WARNING  2026-01-02 04:10:19,630 - WARNING server_api.py:192
                             - Function name not provided                       
[2026-01-02 04:10:19 -0500] [322995] [INFO] 127.0.0.1:44882 POST /fuck/function 1.1 400 39 23404
                    INFO     2026-01-02 04:10:19,642 - INFO -  server_api.py:182
                             Received function request                          
                    INFO     2026-01-02 04:10:19,646 - INFO -  server_api.py:137
                             Performing security verification                   
                    INFO     2026-01-02 04:10:19,655 - INFO -  server_api.py:143
                             Verification passed                                
                    INFO     2026-01-02 04:10:19,659 - INFO -  server_api.py:196
                             Requested function：device_list                    
                    INFO     2026-01-02 04:10:19,663 - INFO -   server_api.py:44
                             Server initialization                              
                    INFO     2026-01-02 04:10:19,667 - INFO -   server_api.py:51
                             Getting client list                                
                    INFO     2026-01-02 04:10:19,671 - INFO -   server_api.py:53
                             No connected devices currently                     
[2026-01-02 04:10:19 -0500] [322995] [INFO] 127.0.0.1:44890 POST /fuck/function 1.1 200 38 35367
[2026-01-02 04:10:19 -0500] [323085] [INFO] 127.0.0.1:57930 POST /fuck/requests_to_function 1.1 200 38 72278
[01/02/26 04:10:24] INFO     2026-01-02 04:10:24,614 - INFO -  server_api.py:182
                             Received function request                          
                    INFO     2026-01-02 04:10:24,618 - INFO -  server_api.py:137
                             Performing security verification                   
                    INFO     2026-01-02 04:10:24,628 - INFO -  server_api.py:143
                             Verification passed                                
                    WARNING  2026-01-02 04:10:24,633 - WARNING server_api.py:192
                             - Function name not provided                       
[2026-01-02 04:10:24 -0500] [322995] [INFO] 127.0.0.1:44894 POST /fuck/function 1.1 400 39 25174
                    INFO     2026-01-02 04:10:24,645 - INFO -  server_api.py:182
                             Received function request                          
                    INFO     2026-01-02 04:10:24,650 - INFO -  server_api.py:137
                             Performing security verification                   
                    INFO     2026-01-02 04:10:24,659 - INFO -  server_api.py:143
                             Verification passed                                
                    INFO     2026-01-02 04:10:24,664 - INFO -  server_api.py:196
                             Requested function：device_list                    
                    INFO     2026-01-02 04:10:24,669 - INFO -   server_api.py:44
                             Server initialization                              
                    INFO     2026-01-02 04:10:24,673 - INFO -   server_api.py:51
                             Getting client list                                
                    INFO     2026-01-02 04:10:24,677 - INFO -   server_api.py:53
                             No connected devices currently                     
[2026-01-02 04:10:24 -0500] [322995] [INFO] 127.0.0.1:44902 POST /fuck/function 1.1 200 38 39271
[2026-01-02 04:10:24 -0500] [323085] [INFO] 127.0.0.1:57930 POST /fuck/requests_to_function 1.1 200 38 78148
[01/02/26 04:10:29] INFO     2026-01-02 04:10:29,608 - INFO -  server_api.py:182
                             Received function request                          
                    INFO     2026-01-02 04:10:29,613 - INFO -  server_api.py:137
                             Performing security verification                   
                    INFO     2026-01-02 04:10:29,623 - INFO -  server_api.py:143
                             Verification passed                                
                    WARNING  2026-01-02 04:10:29,628 - WARNING server_api.py:192
                             - Function name not provided                       
[2026-01-02 04:10:29 -0500] [322995] [INFO] 127.0.0.1:52950 POST /fuck/function 1.1 400 39 27844
                    INFO     2026-01-02 04:10:29,644 - INFO -  server_api.py:182
                             Received function request                          
                    INFO     2026-01-02 04:10:29,648 - INFO -  server_api.py:137
                             Performing security verification                   
                    INFO     2026-01-02 04:10:29,657 - INFO -  server_api.py:143
                             Verification passed                                
                    INFO     2026-01-02 04:10:29,661 - INFO -  server_api.py:196
                             Requested function：device_list                    
                    INFO     2026-01-02 04:10:29,665 - INFO -   server_api.py:44
                             Server initialization                              
                    INFO     2026-01-02 04:10:29,669 - INFO -   server_api.py:51
                             Getting client list                                
                    INFO     2026-01-02 04:10:29,673 - INFO -   server_api.py:53
                             No connected devices currently                     
[2026-01-02 04:10:29 -0500] [322995] [INFO] 127.0.0.1:52960 POST /fuck/function 1.1 200 38 35866
[2026-01-02 04:10:29 -0500] [323085] [INFO] 127.0.0.1:57930 POST /fuck/requests_to_function 1.1 200 38 79349
[01/02/26 04:10:34] INFO     2026-01-02 04:10:34,609 - INFO -  server_api.py:182
                             Received function request                          
                    INFO     2026-01-02 04:10:34,613 - INFO -  server_api.py:137
                             Performing security verification                   
                    INFO     2026-01-02 04:10:34,623 - INFO -  server_api.py:143
                             Verification passed                                
                    WARNING  2026-01-02 04:10:34,627 - WARNING server_api.py:192
                             - Function name not provided                       
[2026-01-02 04:10:34 -0500] [322995] [INFO] 127.0.0.1:52972 POST /fuck/function 1.1 400 39 24474
                    INFO     2026-01-02 04:10:34,639 - INFO -  server_api.py:182
                             Received function request                          
                    INFO     2026-01-02 04:10:34,644 - INFO -  server_api.py:137
                             Performing security verification                   
                    INFO     2026-01-02 04:10:34,653 - INFO -  server_api.py:143
                             Verification passed                                
                    INFO     2026-01-02 04:10:34,657 - INFO -  server_api.py:196
                             Requested function：device_list                    
                    INFO     2026-01-02 04:10:34,661 - INFO -   server_api.py:44
                             Server initialization                              
                    INFO     2026-01-02 04:10:34,665 - INFO -   server_api.py:51
                             Getting client list                                
                    INFO     2026-01-02 04:10:34,669 - INFO -   server_api.py:53
                             No connected devices currently                     
[2026-01-02 04:10:34 -0500] [322995] [INFO] 127.0.0.1:52978 POST /fuck/function 1.1 200 38 35892
[2026-01-02 04:10:34 -0500] [323085] [INFO] 127.0.0.1:57930 POST /fuck/requests_to_function 1.1 200 38 74643
[01/02/26 04:10:39] INFO     2026-01-02 04:10:39,622 - INFO -  server_api.py:182
                             Received function request                          
                    INFO     2026-01-02 04:10:39,626 - INFO -  server_api.py:137
                             Performing security verification                   
                    INFO     2026-01-02 04:10:39,636 - INFO -  server_api.py:143
                             Verification passed                                
                    WARNING  2026-01-02 04:10:39,641 - WARNING server_api.py:192
                             - Function name not provided                       
[2026-01-02 04:10:39 -0500] [322995] [INFO] 127.0.0.1:38408 POST /fuck/function 1.1 400 39 26085
                    INFO     2026-01-02 04:10:39,656 - INFO -  server_api.py:182
                             Received function request                          
                    INFO     2026-01-02 04:10:39,660 - INFO -  server_api.py:137
                             Performing security verification                   
                    INFO     2026-01-02 04:10:39,669 - INFO -  server_api.py:143
                             Verification passed                                
                    INFO     2026-01-02 04:10:39,674 - INFO -  server_api.py:196
                             Requested function：device_list                    
                    INFO     2026-01-02 04:10:39,679 - INFO -   server_api.py:44
                             Server initialization                              
                    INFO     2026-01-02 04:10:39,683 - INFO -   server_api.py:51
                             Getting client list                                
                    INFO     2026-01-02 04:10:39,688 - INFO -   server_api.py:53
                             No connected devices currently                     
[2026-01-02 04:10:39 -0500] [322995] [INFO] 127.0.0.1:38410 POST /fuck/function 1.1 200 38 38051
[2026-01-02 04:10:39 -0500] [323085] [INFO] 127.0.0.1:57930 POST /fuck/requests_to_function 1.1 200 38 80401
[01/02/26 04:10:44] INFO     2026-01-02 04:10:44,621 - INFO -  server_api.py:182
                             Received function request                          
                    INFO     2026-01-02 04:10:44,626 - INFO -  server_api.py:137
                             Performing security verification                   
                    INFO     2026-01-02 04:10:44,634 - INFO -  server_api.py:143
                             Verification passed                                
                    WARNING  2026-01-02 04:10:44,639 - WARNING server_api.py:192
                             - Function name not provided                       
[2026-01-02 04:10:44 -0500] [322995] [INFO] 127.0.0.1:38414 POST /fuck/function 1.1 400 39 23701
                    INFO     2026-01-02 04:10:44,650 - INFO -  server_api.py:182
                             Received function request                          
                    INFO     2026-01-02 04:10:44,654 - INFO -  server_api.py:137
                             Performing security verification                   
                    INFO     2026-01-02 04:10:44,665 - INFO -  server_api.py:143
                             Verification passed                                
                    INFO     2026-01-02 04:10:44,669 - INFO -  server_api.py:196
                             Requested function：device_list                    
                    INFO     2026-01-02 04:10:44,674 - INFO -   server_api.py:44
                             Server initialization                              
                    INFO     2026-01-02 04:10:44,678 - INFO -   server_api.py:51
                             Getting client list                                
                    INFO     2026-01-02 04:10:44,682 - INFO -   server_api.py:53
                             No connected devices currently                     
[2026-01-02 04:10:44 -0500] [322995] [INFO] 127.0.0.1:38420 POST /fuck/function 1.1 200 38 37259
[2026-01-02 04:10:44 -0500] [323085] [INFO] 127.0.0.1:57930 POST /fuck/requests_to_function 1.1 200 38 74727
[01/02/26 04:10:49] INFO     2026-01-02 04:10:49,597 - INFO -  server_api.py:182
                             Received function request                          
                    INFO     2026-01-02 04:10:49,599 - INFO -  server_api.py:137
                             Performing security verification                   
                    INFO     2026-01-02 04:10:49,604 - INFO -  server_api.py:143
                             Verification passed                                
                    WARNING  2026-01-02 04:10:49,606 - WARNING server_api.py:192
                             - Function name not provided                       
[2026-01-02 04:10:49 -0500] [322995] [INFO] 127.0.0.1:38614 POST /fuck/function 1.1 400 39 14345
                    INFO     2026-01-02 04:10:49,615 - INFO -  server_api.py:182
                             Received function request                          
                    INFO     2026-01-02 04:10:49,617 - INFO -  server_api.py:137
                             Performing security verification                   
                    INFO     2026-01-02 04:10:49,622 - INFO -  server_api.py:143
                             Verification passed                                
                    INFO     2026-01-02 04:10:49,625 - INFO -  server_api.py:196
                             Requested function：device_list                    
                    INFO     2026-01-02 04:10:49,629 - INFO -   server_api.py:44
                             Server initialization                              
                    INFO     2026-01-02 04:10:49,630 - INFO -   server_api.py:51
                             Getting client list                                
                    INFO     2026-01-02 04:10:49,632 - INFO -   server_api.py:53
                             No connected devices currently                     
[2026-01-02 04:10:49 -0500] [322995] [INFO] 127.0.0.1:38630 POST /fuck/function 1.1 200 38 20625
[2026-01-02 04:10:49 -0500] [323085] [INFO] 127.0.0.1:57930 POST /fuck/requests_to_function 1.1 200 38 45213
[01/02/26 04:10:54] INFO     2026-01-02 04:10:54,601 - INFO -  server_api.py:182
                             Received function request                          
                    INFO     2026-01-02 04:10:54,605 - INFO -  server_api.py:137
                             Performing security verification                   
                    INFO     2026-01-02 04:10:54,610 - INFO -  server_api.py:143
                             Verification passed                                
                    WARNING  2026-01-02 04:10:54,614 - WARNING server_api.py:192
                             - Function name not provided                       
[2026-01-02 04:10:54 -0500] [322995] [INFO] 127.0.0.1:38632 POST /fuck/function 1.1 400 39 17660
                    INFO     2026-01-02 04:10:54,623 - INFO -  server_api.py:182
                             Received function request                          
                    INFO     2026-01-02 04:10:54,625 - INFO -  server_api.py:137
                             Performing security verification                   
                    INFO     2026-01-02 04:10:54,629 - INFO -  server_api.py:143
                             Verification passed                                
                    INFO     2026-01-02 04:10:54,632 - INFO -  server_api.py:196
                             Requested function：device_list                    
                    INFO     2026-01-02 04:10:54,634 - INFO -   server_api.py:44
                             Server initialization                              
                    INFO     2026-01-02 04:10:54,636 - INFO -   server_api.py:51
                             Getting client list                                
                    INFO     2026-01-02 04:10:54,638 - INFO -   server_api.py:53
                             No connected devices currently                     
[2026-01-02 04:10:54 -0500] [322995] [INFO] 127.0.0.1:38638 POST /fuck/function 1.1 200 38 18263
[2026-01-02 04:10:54 -0500] [323085] [INFO] 127.0.0.1:57930 POST /fuck/requests_to_function 1.1 200 38 44592
[01/02/26 04:10:59] INFO     2026-01-02 04:10:59,606 - INFO -  server_api.py:182
                             Received function request                          
                    INFO     2026-01-02 04:10:59,611 - INFO -  server_api.py:137
                             Performing security verification                   
                    INFO     2026-01-02 04:10:59,619 - INFO -  server_api.py:143
                             Verification passed                                
                    WARNING  2026-01-02 04:10:59,622 - WARNING server_api.py:192
                             - Function name not provided                       
[2026-01-02 04:10:59 -0500] [322995] [INFO] 127.0.0.1:42466 POST /fuck/function 1.1 400 39 21510
                    INFO     2026-01-02 04:10:59,633 - INFO -  server_api.py:182
                             Received function request                          
                    INFO     2026-01-02 04:10:59,637 - INFO -  server_api.py:137
                             Performing security verification                   
                    INFO     2026-01-02 04:10:59,645 - INFO -  server_api.py:143
                             Verification passed                                
                    INFO     2026-01-02 04:10:59,651 - INFO -  server_api.py:196
                             Requested function：device_list                    
                    INFO     2026-01-02 04:10:59,655 - INFO -   server_api.py:44
                             Server initialization                              
                    INFO     2026-01-02 04:10:59,660 - INFO -   server_api.py:51
                             Getting client list                                
                    INFO     2026-01-02 04:10:59,666 - INFO -   server_api.py:53
                             No connected devices currently                     
[2026-01-02 04:10:59 -0500] [322995] [INFO] 127.0.0.1:42476 POST /fuck/function 1.1 200 38 40617
[2026-01-02 04:10:59 -0500] [323085] [INFO] 127.0.0.1:57930 POST /fuck/requests_to_function 1.1 200 38 75407
[01/02/26 04:11:04] INFO     2026-01-02 04:11:04,610 - INFO -  server_api.py:182
                             Received function request                          
                    INFO     2026-01-02 04:11:04,673 - INFO -  server_api.py:137
                             Performing security verification                   
                    INFO     2026-01-02 04:11:04,685 - INFO -  server_api.py:143
                             Verification passed                                
                    WARNING  2026-01-02 04:11:04,690 - WARNING server_api.py:192
                             - Function name not provided                       
[2026-01-02 04:11:04 -0500] [322995] [INFO] 127.0.0.1:42490 POST /fuck/function 1.1 400 39 86173
                    INFO     2026-01-02 04:11:04,702 - INFO -  server_api.py:182
                             Received function request                          
                    INFO     2026-01-02 04:11:04,706 - INFO -  server_api.py:137
                             Performing security verification                   
                    INFO     2026-01-02 04:11:04,715 - INFO -  server_api.py:143
                             Verification passed                                
                    INFO     2026-01-02 04:11:04,719 - INFO -  server_api.py:196
                             Requested function：device_list                    
                    INFO     2026-01-02 04:11:04,724 - INFO -   server_api.py:44
                             Server initialization                              
                    INFO     2026-01-02 04:11:04,728 - INFO -   server_api.py:51
                             Getting client list                                
                    INFO     2026-01-02 04:11:04,732 - INFO -   server_api.py:53
                             No connected devices currently                     
[2026-01-02 04:11:04 -0500] [322995] [INFO] 127.0.0.1:42500 POST /fuck/function 1.1 200 38 35438
[2026-01-02 04:11:04 -0500] [323085] [INFO] 127.0.0.1:57930 POST /fuck/requests_to_function 1.1 200 38 136104
[01/02/26 04:11:09] INFO     2026-01-02 04:11:09,608 - INFO -  server_api.py:182
                             Received function request                          
                    INFO     2026-01-02 04:11:09,612 - INFO -  server_api.py:137
                             Performing security verification                   
                    INFO     2026-01-02 04:11:09,621 - INFO -  server_api.py:143
                             Verification passed                                
                    WARNING  2026-01-02 04:11:09,625 - WARNING server_api.py:192
                             - Function name not provided                       
[2026-01-02 04:11:09 -0500] [322995] [INFO] 127.0.0.1:57028 POST /fuck/function 1.1 400 39 23531
                    INFO     2026-01-02 04:11:09,637 - INFO -  server_api.py:182
                             Received function request                          
                    INFO     2026-01-02 04:11:09,642 - INFO -  server_api.py:137
                             Performing security verification                   
                    INFO     2026-01-02 04:11:09,650 - INFO -  server_api.py:143
                             Verification passed                                
                    INFO     2026-01-02 04:11:09,655 - INFO -  server_api.py:196
                             Requested function：device_list                    
                    INFO     2026-01-02 04:11:09,659 - INFO -   server_api.py:44
                             Server initialization                              
                    INFO     2026-01-02 04:11:09,663 - INFO -   server_api.py:51
                             Getting client list                                
                    INFO     2026-01-02 04:11:09,667 - INFO -   server_api.py:53
                             No connected devices currently                     
[2026-01-02 04:11:09 -0500] [322995] [INFO] 127.0.0.1:57042 POST /fuck/function 1.1 200 38 35599
[2026-01-02 04:11:09 -0500] [323085] [INFO] 127.0.0.1:57930 POST /fuck/requests_to_function 1.1 200 38 72951
[01/02/26 04:11:14] INFO     2026-01-02 04:11:14,652 - INFO -  server_api.py:182
                             Received function request                          
                    INFO     2026-01-02 04:11:14,659 - INFO -  server_api.py:137
                             Performing security verification                   
                    INFO     2026-01-02 04:11:14,670 - INFO -  server_api.py:143
                             Verification passed                                
                    WARNING  2026-01-02 04:11:14,677 - WARNING server_api.py:192
                             - Function name not provided                       
[2026-01-02 04:11:14 -0500] [322995] [INFO] 127.0.0.1:57048 POST /fuck/function 1.1 400 39 33693
                    INFO     2026-01-02 04:11:14,693 - INFO -  server_api.py:182
                             Received function request                          
                    INFO     2026-01-02 04:11:14,699 - INFO -  server_api.py:137
                             Performing security verification                   
                    INFO     2026-01-02 04:11:14,708 - INFO -  server_api.py:143
                             Verification passed                                
                    INFO     2026-01-02 04:11:14,713 - INFO -  server_api.py:196
                             Requested function：device_list                    
                    INFO     2026-01-02 04:11:14,718 - INFO -   server_api.py:44
                             Server initialization                              
                    INFO     2026-01-02 04:11:14,722 - INFO -   server_api.py:51
                             Getting client list                                
                    INFO     2026-01-02 04:11:14,726 - INFO -   server_api.py:53
                             No connected devices currently                     
[2026-01-02 04:11:14 -0500] [322995] [INFO] 127.0.0.1:57052 POST /fuck/function 1.1 200 38 40176
[2026-01-02 04:11:14 -0500] [323085] [INFO] 127.0.0.1:57930 POST /fuck/requests_to_function 1.1 200 38 89802
[01/02/26 04:11:19] INFO     2026-01-02 04:11:19,616 - INFO -  server_api.py:182
                             Received function request                          
                    INFO     2026-01-02 04:11:19,621 - INFO -  server_api.py:137
                             Performing security verification                   
                    INFO     2026-01-02 04:11:19,630 - INFO -  server_api.py:143
                             Verification passed                                
                    WARNING  2026-01-02 04:11:19,636 - WARNING server_api.py:192
                             - Function name not provided                       
[2026-01-02 04:11:19 -0500] [322995] [INFO] 127.0.0.1:58010 POST /fuck/function 1.1 400 39 25479
                    INFO     2026-01-02 04:11:19,646 - INFO -  server_api.py:182
                             Received function request                          
                    INFO     2026-01-02 04:11:19,649 - INFO -  server_api.py:137
                             Performing security verification                   
                    INFO     2026-01-02 04:11:19,653 - INFO -  server_api.py:143
                             Verification passed                                
                    INFO     2026-01-02 04:11:19,656 - INFO -  server_api.py:196
                             Requested function：device_list                    
                    INFO     2026-01-02 04:11:19,658 - INFO -   server_api.py:44
                             Server initialization                              
                    INFO     2026-01-02 04:11:19,660 - INFO -   server_api.py:51
                             Getting client list                                
                    INFO     2026-01-02 04:11:19,663 - INFO -   server_api.py:53
                             No connected devices currently                     
[2026-01-02 04:11:19 -0500] [322995] [INFO] 127.0.0.1:58018 POST /fuck/function 1.1 200 38 22060
[2026-01-02 04:11:19 -0500] [323085] [INFO] 127.0.0.1:57930 POST /fuck/requests_to_function 1.1 200 38 60006
[01/02/26 04:11:24] INFO     2026-01-02 04:11:24,612 - INFO -  server_api.py:182
                             Received function request                          
                    INFO     2026-01-02 04:11:24,617 - INFO -  server_api.py:137
                             Performing security verification                   
                    INFO     2026-01-02 04:11:24,626 - INFO -  server_api.py:143
                             Verification passed                                
                    WARNING  2026-01-02 04:11:24,630 - WARNING server_api.py:192
                             - Function name not provided                       
[2026-01-02 04:11:24 -0500] [322995] [INFO] 127.0.0.1:58026 POST /fuck/function 1.1 400 39 23677
                    INFO     2026-01-02 04:11:24,642 - INFO -  server_api.py:182
                             Received function request                          
                    INFO     2026-01-02 04:11:24,646 - INFO -  server_api.py:137
                             Performing security verification                   
                    INFO     2026-01-02 04:11:24,655 - INFO -  server_api.py:143
                             Verification passed                                
                    INFO     2026-01-02 04:11:24,659 - INFO -  server_api.py:196
                             Requested function：device_list                    
                    INFO     2026-01-02 04:11:24,663 - INFO -   server_api.py:44
                             Server initialization                              
                    INFO     2026-01-02 04:11:24,667 - INFO -   server_api.py:51
                             Getting client list                                
                    INFO     2026-01-02 04:11:24,671 - INFO -   server_api.py:53
                             No connected devices currently                     
[2026-01-02 04:11:24 -0500] [322995] [INFO] 127.0.0.1:58036 POST /fuck/function 1.1 200 38 35634
[2026-01-02 04:11:24 -0500] [323085] [INFO] 127.0.0.1:57930 POST /fuck/requests_to_function 1.1 200 38 73595
[01/02/26 04:11:29] INFO     2026-01-02 04:11:29,619 - INFO -  server_api.py:182
                             Received function request                          
                    INFO     2026-01-02 04:11:29,623 - INFO -  server_api.py:137
                             Performing security verification                   
                    INFO     2026-01-02 04:11:29,632 - INFO -  server_api.py:143
                             Verification passed                                
                    WARNING  2026-01-02 04:11:29,636 - WARNING server_api.py:192
                             - Function name not provided                       
[2026-01-02 04:11:29 -0500] [322995] [INFO] 127.0.0.1:60346 POST /fuck/function 1.1 400 39 23184
                    INFO     2026-01-02 04:11:29,648 - INFO -  server_api.py:182
                             Received function request                          
                    INFO     2026-01-02 04:11:29,652 - INFO -  server_api.py:137
                             Performing security verification                   
                    INFO     2026-01-02 04:11:29,661 - INFO -  server_api.py:143
                             Verification passed                                
                    INFO     2026-01-02 04:11:29,665 - INFO -  server_api.py:196
                             Requested function：device_list                    
                    INFO     2026-01-02 04:11:29,669 - INFO -   server_api.py:44
                             Server initialization                              
                    INFO     2026-01-02 04:11:29,673 - INFO -   server_api.py:51
                             Getting client list                                
                    INFO     2026-01-02 04:11:29,677 - INFO -   server_api.py:53
                             No connected devices currently                     
[2026-01-02 04:11:29 -0500] [322995] [INFO] 127.0.0.1:60356 POST /fuck/function 1.1 200 38 34627
[2026-01-02 04:11:29 -0500] [323085] [INFO] 127.0.0.1:57930 POST /fuck/requests_to_function 1.1 200 38 71448
[01/02/26 04:11:34] INFO     2026-01-02 04:11:34,614 - INFO -  server_api.py:182
                             Received function request                          
                    INFO     2026-01-02 04:11:34,618 - INFO -  server_api.py:137
                             Performing security verification                   
                    INFO     2026-01-02 04:11:34,627 - INFO -  server_api.py:143
                             Verification passed                                
                    WARNING  2026-01-02 04:11:34,631 - WARNING server_api.py:192
                             - Function name not provided                       
[2026-01-02 04:11:34 -0500] [322995] [INFO] 127.0.0.1:60368 POST /fuck/function 1.1 400 39 23233
                    INFO     2026-01-02 04:11:34,644 - INFO -  server_api.py:182
                             Received function request                          
                    INFO     2026-01-02 04:11:34,648 - INFO -  server_api.py:137
                             Performing security verification                   
                    INFO     2026-01-02 04:11:34,657 - INFO -  server_api.py:143
                             Verification passed                                
                    INFO     2026-01-02 04:11:34,661 - INFO -  server_api.py:196
                             Requested function：device_list                    
                    INFO     2026-01-02 04:11:34,665 - INFO -   server_api.py:44
                             Server initialization                              
                    INFO     2026-01-02 04:11:34,669 - INFO -   server_api.py:51
                             Getting client list                                
                    INFO     2026-01-02 04:11:34,673 - INFO -   server_api.py:53
                             No connected devices currently                     
[2026-01-02 04:11:34 -0500] [322995] [INFO] 127.0.0.1:60382 POST /fuck/function 1.1 200 38 35301
[2026-01-02 04:11:34 -0500] [323085] [INFO] 127.0.0.1:57930 POST /fuck/requests_to_function 1.1 200 38 73296
[01/02/26 04:11:39] INFO     2026-01-02 04:11:39,615 - INFO -  server_api.py:182
                             Received function request                          
                    INFO     2026-01-02 04:11:39,621 - INFO -  server_api.py:137
                             Performing security verification                   
                    INFO     2026-01-02 04:11:39,631 - INFO -  server_api.py:143
                             Verification passed                                
                    WARNING  2026-01-02 04:11:39,636 - WARNING server_api.py:192
                             - Function name not provided                       
[2026-01-02 04:11:39 -0500] [322995] [INFO] 127.0.0.1:37568 POST /fuck/function 1.1 400 39 26846
                    INFO     2026-01-02 04:11:39,648 - INFO -  server_api.py:182
                             Received function request                          
                    INFO     2026-01-02 04:11:39,653 - INFO -  server_api.py:137
                             Performing security verification                   
                    INFO     2026-01-02 04:11:39,662 - INFO -  server_api.py:143
                             Verification passed                                
                    INFO     2026-01-02 04:11:39,666 - INFO -  server_api.py:196
                             Requested function：device_list                    
                    INFO     2026-01-02 04:11:39,670 - INFO -   server_api.py:44
                             Server initialization                              
                    INFO     2026-01-02 04:11:39,674 - INFO -   server_api.py:51
                             Getting client list                                
                    INFO     2026-01-02 04:11:39,678 - INFO -   server_api.py:53
                             No connected devices currently                     
[2026-01-02 04:11:39 -0500] [322995] [INFO] 127.0.0.1:37582 POST /fuck/function 1.1 200 38 35699
[2026-01-02 04:11:39 -0500] [323085] [INFO] 127.0.0.1:57930 POST /fuck/requests_to_function 1.1 200 38 78128
[01/02/26 04:11:44] INFO     2026-01-02 04:11:44,612 - INFO -  server_api.py:182
                             Received function request                          
                    INFO     2026-01-02 04:11:44,614 - INFO -  server_api.py:137
                             Performing security verification                   
                    INFO     2026-01-02 04:11:44,619 - INFO -  server_api.py:143
                             Verification passed                                
                    WARNING  2026-01-02 04:11:44,622 - WARNING server_api.py:192
                             - Function name not provided                       
[2026-01-02 04:11:44 -0500] [322995] [INFO] 127.0.0.1:37584 POST /fuck/function 1.1 400 39 13167
                    INFO     2026-01-02 04:11:44,629 - INFO -  server_api.py:182
                             Received function request                          
                    INFO     2026-01-02 04:11:44,631 - INFO -  server_api.py:137
                             Performing security verification                   
                    INFO     2026-01-02 04:11:44,636 - INFO -  server_api.py:143
                             Verification passed                                
                    INFO     2026-01-02 04:11:44,638 - INFO -  server_api.py:196
                             Requested function：device_list                    
                    INFO     2026-01-02 04:11:44,640 - INFO -   server_api.py:44
                             Server initialization                              
                    INFO     2026-01-02 04:11:44,642 - INFO -   server_api.py:51
                             Getting client list                                
                    INFO     2026-01-02 04:11:44,643 - INFO -   server_api.py:53
                             No connected devices currently                     
[2026-01-02 04:11:44 -0500] [322995] [INFO] 127.0.0.1:37596 POST /fuck/function 1.1 200 38 17370
[2026-01-02 04:11:44 -0500] [323085] [INFO] 127.0.0.1:57930 POST /fuck/requests_to_function 1.1 200 38 38943
[01/02/26 04:11:49] INFO     2026-01-02 04:11:49,611 - INFO -  server_api.py:182
                             Received function request                          
                    INFO     2026-01-02 04:11:49,615 - INFO -  server_api.py:137
                             Performing security verification                   
                    INFO     2026-01-02 04:11:49,624 - INFO -  server_api.py:143
                             Verification passed                                
                    WARNING  2026-01-02 04:11:49,629 - WARNING server_api.py:192
                             - Function name not provided                       
[2026-01-02 04:11:49 -0500] [322995] [INFO] 127.0.0.1:56168 POST /fuck/function 1.1 400 39 26603
                    INFO     2026-01-02 04:11:49,643 - INFO -  server_api.py:182
                             Received function request                          
                    INFO     2026-01-02 04:11:49,647 - INFO -  server_api.py:137
                             Performing security verification                   
                    INFO     2026-01-02 04:11:49,656 - INFO -  server_api.py:143
                             Verification passed                                
                    INFO     2026-01-02 04:11:49,661 - INFO -  server_api.py:196
                             Requested function：device_list                    
                    INFO     2026-01-02 04:11:49,665 - INFO -   server_api.py:44
                             Server initialization                              
                    INFO     2026-01-02 04:11:49,669 - INFO -   server_api.py:51
                             Getting client list                                
                    INFO     2026-01-02 04:11:49,673 - INFO -   server_api.py:53
                             No connected devices currently                     
[2026-01-02 04:11:49 -0500] [322995] [INFO] 127.0.0.1:56170 POST /fuck/function 1.1 200 38 35572
[2026-01-02 04:11:49 -0500] [323085] [INFO] 127.0.0.1:57930 POST /fuck/requests_to_function 1.1 200 38 76254
[01/02/26 04:11:54] INFO     2026-01-02 04:11:54,611 - INFO -  server_api.py:182
                             Received function request                          
                    INFO     2026-01-02 04:11:54,615 - INFO -  server_api.py:137
                             Performing security verification                   
                    INFO     2026-01-02 04:11:54,624 - INFO -  server_api.py:143
                             Verification passed                                
                    WARNING  2026-01-02 04:11:54,628 - WARNING server_api.py:192
                             - Function name not provided                       
[2026-01-02 04:11:54 -0500] [322995] [INFO] 127.0.0.1:56172 POST /fuck/function 1.1 400 39 23426
                    INFO     2026-01-02 04:11:54,641 - INFO -  server_api.py:182
                             Received function request                          
                    INFO     2026-01-02 04:11:54,645 - INFO -  server_api.py:137
                             Performing security verification                   
                    INFO     2026-01-02 04:11:54,654 - INFO -  server_api.py:143
                             Verification passed                                
                    INFO     2026-01-02 04:11:54,658 - INFO -  server_api.py:196
                             Requested function：device_list                    
                    INFO     2026-01-02 04:11:54,662 - INFO -   server_api.py:44
                             Server initialization                              
                    INFO     2026-01-02 04:11:54,666 - INFO -   server_api.py:51
                             Getting client list                                
                    INFO     2026-01-02 04:11:54,670 - INFO -   server_api.py:53
                             No connected devices currently                     
[2026-01-02 04:11:54 -0500] [322995] [INFO] 127.0.0.1:56178 POST /fuck/function 1.1 200 38 35545
[2026-01-02 04:11:54 -0500] [323085] [INFO] 127.0.0.1:57930 POST /fuck/requests_to_function 1.1 200 38 72925
[01/02/26 04:11:59] INFO     2026-01-02 04:11:59,625 - INFO -  server_api.py:182
                             Received function request                          
                    INFO     2026-01-02 04:11:59,629 - INFO -  server_api.py:137
                             Performing security verification                   
                    INFO     2026-01-02 04:11:59,638 - INFO -  server_api.py:143
                             Verification passed                                
                    WARNING  2026-01-02 04:11:59,642 - WARNING server_api.py:192
                             - Function name not provided                       
[2026-01-02 04:11:59 -0500] [322995] [INFO] 127.0.0.1:53474 POST /fuck/function 1.1 400 39 23686
                    INFO     2026-01-02 04:11:59,654 - INFO -  server_api.py:182
                             Received function request                          
                    INFO     2026-01-02 04:11:59,658 - INFO -  server_api.py:137
                             Performing security verification                   
                    INFO     2026-01-02 04:11:59,668 - INFO -  server_api.py:143
                             Verification passed                                
                    INFO     2026-01-02 04:11:59,672 - INFO -  server_api.py:196
                             Requested function：device_list                    
                    INFO     2026-01-02 04:11:59,676 - INFO -   server_api.py:44
                             Server initialization                              
                    INFO     2026-01-02 04:11:59,680 - INFO -   server_api.py:51
                             Getting client list                                
                    INFO     2026-01-02 04:11:59,684 - INFO -   server_api.py:53
                             No connected devices currently                     
[2026-01-02 04:11:59 -0500] [322995] [INFO] 127.0.0.1:53488 POST /fuck/function 1.1 200 38 35812
[2026-01-02 04:11:59 -0500] [323085] [INFO] 127.0.0.1:57930 POST /fuck/requests_to_function 1.1 200 38 73341
[01/02/26 04:12:04] INFO     2026-01-02 04:12:04,612 - INFO -  server_api.py:182
                             Received function request                          
                    INFO     2026-01-02 04:12:04,616 - INFO -  server_api.py:137
                             Performing security verification                   
                    INFO     2026-01-02 04:12:04,625 - INFO -  server_api.py:143
                             Verification passed                                
                    WARNING  2026-01-02 04:12:04,629 - WARNING server_api.py:192
                             - Function name not provided                       
[2026-01-02 04:12:04 -0500] [322995] [INFO] 127.0.0.1:53498 POST /fuck/function 1.1 400 39 23322
                    INFO     2026-01-02 04:12:04,641 - INFO -  server_api.py:182
                             Received function request                          
                    INFO     2026-01-02 04:12:04,645 - INFO -  server_api.py:137
                             Performing security verification                   
                    INFO     2026-01-02 04:12:04,654 - INFO -  server_api.py:143
                             Verification passed                                
                    INFO     2026-01-02 04:12:04,658 - INFO -  server_api.py:196
                             Requested function：device_list                    
                    INFO     2026-01-02 04:12:04,662 - INFO -   server_api.py:44
                             Server initialization                              
                    INFO     2026-01-02 04:12:04,667 - INFO -   server_api.py:51
                             Getting client list                                
                    INFO     2026-01-02 04:12:04,671 - INFO -   server_api.py:53
                             No connected devices currently                     
[2026-01-02 04:12:04 -0500] [322995] [INFO] 127.0.0.1:53506 POST /fuck/function 1.1 200 38 35716
[2026-01-02 04:12:04 -0500] [323085] [INFO] 127.0.0.1:57930 POST /fuck/requests_to_function 1.1 200 38 72748
[01/02/26 04:12:09] INFO     2026-01-02 04:12:09,610 - INFO -  server_api.py:182
                             Received function request                          
                    INFO     2026-01-02 04:12:09,614 - INFO -  server_api.py:137
                             Performing security verification                   
                    INFO     2026-01-02 04:12:09,623 - INFO -  server_api.py:143
                             Verification passed                                
                    WARNING  2026-01-02 04:12:09,628 - WARNING server_api.py:192
                             - Function name not provided                       
[2026-01-02 04:12:09 -0500] [322995] [INFO] 127.0.0.1:37422 POST /fuck/function 1.1 400 39 23509
                    INFO     2026-01-02 04:12:09,639 - INFO -  server_api.py:182
                             Received function request                          
                    INFO     2026-01-02 04:12:09,644 - INFO -  server_api.py:137
                             Performing security verification                   
                    INFO     2026-01-02 04:12:09,653 - INFO -  server_api.py:143
                             Verification passed                                
                    INFO     2026-01-02 04:12:09,657 - INFO -  server_api.py:196
                             Requested function：device_list                    
                    INFO     2026-01-02 04:12:09,661 - INFO -   server_api.py:44
                             Server initialization                              
                    INFO     2026-01-02 04:12:09,665 - INFO -   server_api.py:51
                             Getting client list                                
                    INFO     2026-01-02 04:12:09,670 - INFO -   server_api.py:53
                             No connected devices currently                     
[2026-01-02 04:12:09 -0500] [322995] [INFO] 127.0.0.1:37428 POST /fuck/function 1.1 200 38 36671
[2026-01-02 04:12:09 -0500] [323085] [INFO] 127.0.0.1:57930 POST /fuck/requests_to_function 1.1 200 38 73630
[01/02/26 04:12:14] INFO     2026-01-02 04:12:14,624 - INFO -  server_api.py:182
                             Received function request                          
                    INFO     2026-01-02 04:12:14,629 - INFO -  server_api.py:137
                             Performing security verification                   
                    INFO     2026-01-02 04:12:14,639 - INFO -  server_api.py:143
                             Verification passed                                
                    WARNING  2026-01-02 04:12:14,644 - WARNING server_api.py:192
                             - Function name not provided                       
[2026-01-02 04:12:14 -0500] [322995] [INFO] 127.0.0.1:37444 POST /fuck/function 1.1 400 39 25685
                    INFO     2026-01-02 04:12:14,656 - INFO -  server_api.py:182
                             Received function request                          
                    INFO     2026-01-02 04:12:14,660 - INFO -  server_api.py:137
                             Performing security verification                   
                    INFO     2026-01-02 04:12:14,669 - INFO -  server_api.py:143
                             Verification passed                                
                    INFO     2026-01-02 04:12:14,673 - INFO -  server_api.py:196
                             Requested function：device_list                    
                    INFO     2026-01-02 04:12:14,677 - INFO -   server_api.py:44
                             Server initialization                              
                    INFO     2026-01-02 04:12:14,682 - INFO -   server_api.py:51
                             Getting client list                                
                    INFO     2026-01-02 04:12:14,686 - INFO -   server_api.py:53
                             No connected devices currently                     
[2026-01-02 04:12:14 -0500] [322995] [INFO] 127.0.0.1:37458 POST /fuck/function 1.1 200 38 35973
[2026-01-02 04:12:14 -0500] [323085] [INFO] 127.0.0.1:57930 POST /fuck/requests_to_function 1.1 200 38 75129
[01/02/26 04:12:19] INFO     2026-01-02 04:12:19,615 - INFO -  server_api.py:182
                             Received function request                          
                    INFO     2026-01-02 04:12:19,620 - INFO -  server_api.py:137
                             Performing security verification                   
                    INFO     2026-01-02 04:12:19,631 - INFO -  server_api.py:143
                             Verification passed                                
                    WARNING  2026-01-02 04:12:19,636 - WARNING server_api.py:192
                             - Function name not provided                       
[2026-01-02 04:12:19 -0500] [322995] [INFO] 127.0.0.1:37574 POST /fuck/function 1.1 400 39 29675
                    INFO     2026-01-02 04:12:19,653 - INFO -  server_api.py:182
                             Received function request                          
                    INFO     2026-01-02 04:12:19,658 - INFO -  server_api.py:137
                             Performing security verification                   
                    INFO     2026-01-02 04:12:19,669 - INFO -  server_api.py:143
                             Verification passed                                
                    INFO     2026-01-02 04:12:19,676 - INFO -  server_api.py:196
                             Requested function：device_list                    
                    INFO     2026-01-02 04:12:19,682 - INFO -   server_api.py:44
                             Server initialization                              
                    INFO     2026-01-02 04:12:19,687 - INFO -   server_api.py:51
                             Getting client list                                
                    INFO     2026-01-02 04:12:19,693 - INFO -   server_api.py:53
                             No connected devices currently                     
[2026-01-02 04:12:19 -0500] [322995] [INFO] 127.0.0.1:37588 POST /fuck/function 1.1 200 38 48081
[2026-01-02 04:12:19 -0500] [323085] [INFO] 127.0.0.1:57930 POST /fuck/requests_to_function 1.1 200 38 94634
[01/02/26 04:12:24] INFO     2026-01-02 04:12:24,614 - INFO -  server_api.py:182
                             Received function request                          
                    INFO     2026-01-02 04:12:24,620 - INFO -  server_api.py:137
                             Performing security verification                   
                    INFO     2026-01-02 04:12:24,630 - INFO -  server_api.py:143
                             Verification passed                                
                    WARNING  2026-01-02 04:12:24,635 - WARNING server_api.py:192
                             - Function name not provided                       
[2026-01-02 04:12:24 -0500] [322995] [INFO] 127.0.0.1:37598 POST /fuck/function 1.1 400 39 28423
                    INFO     2026-01-02 04:12:24,648 - INFO -  server_api.py:182
                             Received function request                          
                    INFO     2026-01-02 04:12:24,654 - INFO -  server_api.py:137
                             Performing security verification                   
                    INFO     2026-01-02 04:12:24,664 - INFO -  server_api.py:143
                             Verification passed                                
                    INFO     2026-01-02 04:12:24,670 - INFO -  server_api.py:196
                             Requested function：device_list                    
                    INFO     2026-01-02 04:12:24,676 - INFO -   server_api.py:44
                             Server initialization                              
                    INFO     2026-01-02 04:12:24,681 - INFO -   server_api.py:51
                             Getting client list                                
                    INFO     2026-01-02 04:12:24,687 - INFO -   server_api.py:53
                             No connected devices currently                     
[2026-01-02 04:12:24 -0500] [322995] [INFO] 127.0.0.1:37604 POST /fuck/function 1.1 200 38 46350
[2026-01-02 04:12:24 -0500] [323085] [INFO] 127.0.0.1:57930 POST /fuck/requests_to_function 1.1 200 38 89648
[01/02/26 04:12:29] INFO     2026-01-02 04:12:29,680 - INFO -  server_api.py:182
                             Received function request                          
                    INFO     2026-01-02 04:12:29,701 - INFO -  server_api.py:137
                             Performing security verification                   
                    INFO     2026-01-02 04:12:29,713 - INFO -  server_api.py:143
                             Verification passed                                
                    WARNING  2026-01-02 04:12:29,721 - WARNING server_api.py:192
                             - Function name not provided                       
[2026-01-02 04:12:29 -0500] [322995] [INFO] 127.0.0.1:47020 POST /fuck/function 1.1 400 39 55499
                    INFO     2026-01-02 04:12:29,743 - INFO -  server_api.py:182
                             Received function request                          
                    INFO     2026-01-02 04:12:29,751 - INFO -  server_api.py:137
                             Performing security verification                   
                    INFO     2026-01-02 04:12:29,761 - INFO -  server_api.py:143
                             Verification passed                                
                    INFO     2026-01-02 04:12:29,765 - INFO -  server_api.py:196
                             Requested function：device_list                    
                    INFO     2026-01-02 04:12:29,769 - INFO -   server_api.py:44
                             Server initialization                              
                    INFO     2026-01-02 04:12:29,772 - INFO -   server_api.py:51
                             Getting client list                                
                    INFO     2026-01-02 04:12:29,775 - INFO -   server_api.py:53
                             No connected devices currently                     
[2026-01-02 04:12:29 -0500] [322995] [INFO] 127.0.0.1:47034 POST /fuck/function 1.1 200 38 37286
[2026-01-02 04:12:29 -0500] [323085] [INFO] 127.0.0.1:57930 POST /fuck/requests_to_function 1.1 200 38 119762
[01/02/26 04:12:34] INFO     2026-01-02 04:12:34,621 - INFO -  server_api.py:182
                             Received function request                          
                    INFO     2026-01-02 04:12:34,625 - INFO -  server_api.py:137
                             Performing security verification                   
                    INFO     2026-01-02 04:12:34,635 - INFO -  server_api.py:143
                             Verification passed                                
                    WARNING  2026-01-02 04:12:34,639 - WARNING server_api.py:192
                             - Function name not provided                       
[2026-01-02 04:12:34 -0500] [322995] [INFO] 127.0.0.1:47038 POST /fuck/function 1.1 400 39 24678
                    INFO     2026-01-02 04:12:34,651 - INFO -  server_api.py:182
                             Received function request                          
                    INFO     2026-01-02 04:12:34,655 - INFO -  server_api.py:137
                             Performing security verification                   
                    INFO     2026-01-02 04:12:34,664 - INFO -  server_api.py:143
                             Verification passed                                
                    INFO     2026-01-02 04:12:34,668 - INFO -  server_api.py:196
                             Requested function：device_list                    
                    INFO     2026-01-02 04:12:34,673 - INFO -   server_api.py:44
                             Server initialization                              
                    INFO     2026-01-02 04:12:34,677 - INFO -   server_api.py:51
                             Getting client list                                
                    INFO     2026-01-02 04:12:34,681 - INFO -   server_api.py:53
                             No connected devices currently                     
[2026-01-02 04:12:34 -0500] [322995] [INFO] 127.0.0.1:47040 POST /fuck/function 1.1 200 38 35824
[2026-01-02 04:12:34 -0500] [323085] [INFO] 127.0.0.1:57930 POST /fuck/requests_to_function 1.1 200 38 74561
[01/02/26 04:12:39] INFO     2026-01-02 04:12:39,616 - INFO -  server_api.py:182
                             Received function request                          
                    INFO     2026-01-02 04:12:39,620 - INFO -  server_api.py:137
                             Performing security verification                   
                    INFO     2026-01-02 04:12:39,631 - INFO -  server_api.py:143
                             Verification passed                                
                    WARNING  2026-01-02 04:12:39,636 - WARNING server_api.py:192
                             - Function name not provided                       
[2026-01-02 04:12:39 -0500] [322995] [INFO] 127.0.0.1:56372 POST /fuck/function 1.1 400 39 28036
                    INFO     2026-01-02 04:12:39,650 - INFO -  server_api.py:182
                             Received function request                          
                    INFO     2026-01-02 04:12:39,655 - INFO -  server_api.py:137
                             Performing security verification                   
                    INFO     2026-01-02 04:12:39,666 - INFO -  server_api.py:143
                             Verification passed                                
                    INFO     2026-01-02 04:12:39,670 - INFO -  server_api.py:196
                             Requested function：device_list                    
                    INFO     2026-01-02 04:12:39,676 - INFO -   server_api.py:44
                             Server initialization                              
                    INFO     2026-01-02 04:12:39,680 - INFO -   server_api.py:51
                             Getting client list                                
                    INFO     2026-01-02 04:12:39,684 - INFO -   server_api.py:53
                             No connected devices currently                     
[2026-01-02 04:12:39 -0500] [322995] [INFO] 127.0.0.1:56388 POST /fuck/function 1.1 200 38 41709
[2026-01-02 04:12:39 -0500] [323085] [INFO] 127.0.0.1:57930 POST /fuck/requests_to_function 1.1 200 38 83779
[01/02/26 04:12:44] INFO     2026-01-02 04:12:44,636 - INFO -  server_api.py:182
                             Received function request                          
                    INFO     2026-01-02 04:12:44,641 - INFO -  server_api.py:137
                             Performing security verification                   
                    INFO     2026-01-02 04:12:44,650 - INFO -  server_api.py:143
                             Verification passed                                
                    WARNING  2026-01-02 04:12:44,654 - WARNING server_api.py:192
                             - Function name not provided                       
[2026-01-02 04:12:44 -0500] [322995] [INFO] 127.0.0.1:56404 POST /fuck/function 1.1 400 39 24027
                    INFO     2026-01-02 04:12:44,666 - INFO -  server_api.py:182
                             Received function request                          
                    INFO     2026-01-02 04:12:44,670 - INFO -  server_api.py:137
                             Performing security verification                   
                    INFO     2026-01-02 04:12:44,679 - INFO -  server_api.py:143
                             Verification passed                                
                    INFO     2026-01-02 04:12:44,684 - INFO -  server_api.py:196
                             Requested function：device_list                    
                    INFO     2026-01-02 04:12:44,688 - INFO -   server_api.py:44
                             Server initialization                              
                    INFO     2026-01-02 04:12:44,692 - INFO -   server_api.py:51
                             Getting client list                                
                    INFO     2026-01-02 04:12:44,696 - INFO -   server_api.py:53
                             No connected devices currently                     
[2026-01-02 04:12:44 -0500] [322995] [INFO] 127.0.0.1:56412 POST /fuck/function 1.1 200 38 35748
[2026-01-02 04:12:44 -0500] [323085] [INFO] 127.0.0.1:57930 POST /fuck/requests_to_function 1.1 200 38 73756
[01/02/26 04:12:49] INFO     2026-01-02 04:12:49,606 - INFO -  server_api.py:182
                             Received function request                          
                    INFO     2026-01-02 04:12:49,608 - INFO -  server_api.py:137
                             Performing security verification                   
                    INFO     2026-01-02 04:12:49,613 - INFO -  server_api.py:143
                             Verification passed                                
                    WARNING  2026-01-02 04:12:49,616 - WARNING server_api.py:192
                             - Function name not provided                       
[2026-01-02 04:12:49 -0500] [322995] [INFO] 127.0.0.1:46806 POST /fuck/function 1.1 400 39 14736
                    INFO     2026-01-02 04:12:49,625 - INFO -  server_api.py:182
                             Received function request                          
                    INFO     2026-01-02 04:12:49,628 - INFO -  server_api.py:137
                             Performing security verification                   
                    INFO     2026-01-02 04:12:49,634 - INFO -  server_api.py:143
                             Verification passed                                
                    INFO     2026-01-02 04:12:49,638 - INFO -  server_api.py:196
                             Requested function：device_list                    
                    INFO     2026-01-02 04:12:49,641 - INFO -   server_api.py:44
                             Server initialization                              
                    INFO     2026-01-02 04:12:49,647 - INFO -   server_api.py:51
                             Getting client list                                
                    INFO     2026-01-02 04:12:49,650 - INFO -   server_api.py:53
                             No connected devices currently                     
[2026-01-02 04:12:49 -0500] [322995] [INFO] 127.0.0.1:46818 POST /fuck/function 1.1 200 38 29191
[2026-01-02 04:12:49 -0500] [323085] [INFO] 127.0.0.1:57930 POST /fuck/requests_to_function 1.1 200 38 52636
[01/02/26 04:12:54] INFO     2026-01-02 04:12:54,615 - INFO -  server_api.py:182
                             Received function request                          
                    INFO     2026-01-02 04:12:54,619 - INFO -  server_api.py:137
                             Performing security verification                   
                    INFO     2026-01-02 04:12:54,627 - INFO -  server_api.py:143
                             Verification passed                                
                    WARNING  2026-01-02 04:12:54,630 - WARNING server_api.py:192
                             - Function name not provided                       
[2026-01-02 04:12:54 -0500] [322995] [INFO] 127.0.0.1:46824 POST /fuck/function 1.1 400 39 20889
                    INFO     2026-01-02 04:12:54,641 - INFO -  server_api.py:182
                             Received function request                          
                    INFO     2026-01-02 04:12:54,645 - INFO -  server_api.py:137
                             Performing security verification                   
                    INFO     2026-01-02 04:12:54,653 - INFO -  server_api.py:143
                             Verification passed                                
                    INFO     2026-01-02 04:12:54,657 - INFO -  server_api.py:196
                             Requested function：device_list                    
                    INFO     2026-01-02 04:12:54,661 - INFO -   server_api.py:44
                             Server initialization                              
                    INFO     2026-01-02 04:12:54,665 - INFO -   server_api.py:51
                             Getting client list                                
                    INFO     2026-01-02 04:12:54,669 - INFO -   server_api.py:53
                             No connected devices currently                     
[2026-01-02 04:12:54 -0500] [322995] [INFO] 127.0.0.1:46830 POST /fuck/function 1.1 200 38 32906
[2026-01-02 04:12:54 -0500] [323085] [INFO] 127.0.0.1:57930 POST /fuck/requests_to_function 1.1 200 38 66546
[01/02/26 04:12:59] INFO     2026-01-02 04:12:59,617 - INFO -  server_api.py:182
                             Received function request                          
                    INFO     2026-01-02 04:12:59,621 - INFO -  server_api.py:137
                             Performing security verification                   
                    INFO     2026-01-02 04:12:59,630 - INFO -  server_api.py:143
                             Verification passed                                
                    WARNING  2026-01-02 04:12:59,635 - WARNING server_api.py:192
                             - Function name not provided                       
[2026-01-02 04:12:59 -0500] [322995] [INFO] 127.0.0.1:58408 POST /fuck/function 1.1 400 39 23877
                    INFO     2026-01-02 04:12:59,647 - INFO -  server_api.py:182
                             Received function request                          
                    INFO     2026-01-02 04:12:59,651 - INFO -  server_api.py:137
                             Performing security verification                   
                    INFO     2026-01-02 04:12:59,660 - INFO -  server_api.py:143
                             Verification passed                                
                    INFO     2026-01-02 04:12:59,665 - INFO -  server_api.py:196
                             Requested function：device_list                    
                    INFO     2026-01-02 04:12:59,669 - INFO -   server_api.py:44
                             Server initialization                              
                    INFO     2026-01-02 04:12:59,674 - INFO -   server_api.py:51
                             Getting client list                                
                    INFO     2026-01-02 04:12:59,678 - INFO -   server_api.py:53
                             No connected devices currently                     
[2026-01-02 04:12:59 -0500] [322995] [INFO] 127.0.0.1:58424 POST /fuck/function 1.1 200 38 36747
[2026-01-02 04:12:59 -0500] [323085] [INFO] 127.0.0.1:57930 POST /fuck/requests_to_function 1.1 200 38 74597
[01/02/26 04:13:04] INFO     2026-01-02 04:13:04,617 - INFO -  server_api.py:182
                             Received function request                          
                    INFO     2026-01-02 04:13:04,621 - INFO -  server_api.py:137
                             Performing security verification                   
                    INFO     2026-01-02 04:13:04,630 - INFO -  server_api.py:143
                             Verification passed                                
                    WARNING  2026-01-02 04:13:04,634 - WARNING server_api.py:192
                             - Function name not provided                       
[2026-01-02 04:13:04 -0500] [322995] [INFO] 127.0.0.1:58426 POST /fuck/function 1.1 400 39 23440
                    INFO     2026-01-02 04:13:04,646 - INFO -  server_api.py:182
                             Received function request                          
                    INFO     2026-01-02 04:13:04,650 - INFO -  server_api.py:137
                             Performing security verification                   
                    INFO     2026-01-02 04:13:04,659 - INFO -  server_api.py:143
                             Verification passed                                
                    INFO     2026-01-02 04:13:04,664 - INFO -  server_api.py:196
                             Requested function：device_list                    
                    INFO     2026-01-02 04:13:04,668 - INFO -   server_api.py:44
                             Server initialization                              
                    INFO     2026-01-02 04:13:04,672 - INFO -   server_api.py:51
                             Getting client list                                
                    INFO     2026-01-02 04:13:04,676 - INFO -   server_api.py:53
                             No connected devices currently                     
[2026-01-02 04:13:04 -0500] [322995] [INFO] 127.0.0.1:58440 POST /fuck/function 1.1 200 38 36520
[2026-01-02 04:13:04 -0500] [323085] [INFO] 127.0.0.1:57930 POST /fuck/requests_to_function 1.1 200 38 73711
[01/02/26 04:13:09] INFO     2026-01-02 04:13:09,618 - INFO -  server_api.py:182
                             Received function request                          
                    INFO     2026-01-02 04:13:09,622 - INFO -  server_api.py:137
                             Performing security verification                   
                    INFO     2026-01-02 04:13:09,631 - INFO -  server_api.py:143
                             Verification passed                                
                    WARNING  2026-01-02 04:13:09,635 - WARNING server_api.py:192
                             - Function name not provided                       
[2026-01-02 04:13:09 -0500] [322995] [INFO] 127.0.0.1:58226 POST /fuck/function 1.1 400 39 23350
                    INFO     2026-01-02 04:13:09,647 - INFO -  server_api.py:182
                             Received function request                          
                    INFO     2026-01-02 04:13:09,651 - INFO -  server_api.py:137
                             Performing security verification                   
                    INFO     2026-01-02 04:13:09,660 - INFO -  server_api.py:143
                             Verification passed                                
                    INFO     2026-01-02 04:13:09,664 - INFO -  server_api.py:196
                             Requested function：device_list                    
                    INFO     2026-01-02 04:13:09,669 - INFO -   server_api.py:44
                             Server initialization                              
                    INFO     2026-01-02 04:13:09,673 - INFO -   server_api.py:51
                             Getting client list                                
                    INFO     2026-01-02 04:13:09,677 - INFO -   server_api.py:53
                             No connected devices currently                     
[2026-01-02 04:13:09 -0500] [322995] [INFO] 127.0.0.1:58230 POST /fuck/function 1.1 200 38 36695
[2026-01-02 04:13:09 -0500] [323085] [INFO] 127.0.0.1:57930 POST /fuck/requests_to_function 1.1 200 38 73952
[01/02/26 04:13:14] INFO     2026-01-02 04:13:14,623 - INFO -  server_api.py:182
                             Received function request                          
                    INFO     2026-01-02 04:13:14,628 - INFO -  server_api.py:137
                             Performing security verification                   
                    INFO     2026-01-02 04:13:14,637 - INFO -  server_api.py:143
                             Verification passed                                
                    WARNING  2026-01-02 04:13:14,642 - WARNING server_api.py:192
                             - Function name not provided                       
[2026-01-02 04:13:14 -0500] [322995] [INFO] 127.0.0.1:58240 POST /fuck/function 1.1 400 39 25810
                    INFO     2026-01-02 04:13:14,655 - INFO -  server_api.py:182
                             Received function request                          
                    INFO     2026-01-02 04:13:14,660 - INFO -  server_api.py:137
                             Performing security verification                   
                    INFO     2026-01-02 04:13:14,670 - INFO -  server_api.py:143
                             Verification passed                                
                    INFO     2026-01-02 04:13:14,675 - INFO -  server_api.py:196
                             Requested function：device_list                    
                    INFO     2026-01-02 04:13:14,679 - INFO -   server_api.py:44
                             Server initialization                              
                    INFO     2026-01-02 04:13:14,684 - INFO -   server_api.py:51
                             Getting client list                                
                    INFO     2026-01-02 04:13:14,688 - INFO -   server_api.py:53
                             No connected devices currently                     
[2026-01-02 04:13:14 -0500] [322995] [INFO] 127.0.0.1:58244 POST /fuck/function 1.1 200 38 40299
[2026-01-02 04:13:14 -0500] [323085] [INFO] 127.0.0.1:57930 POST /fuck/requests_to_function 1.1 200 38 81024
[01/02/26 04:13:21] INFO     2026-01-02 04:13:21,009 - INFO -  server_api.py:182
                             Received function request                          
                    INFO     2026-01-02 04:13:21,013 - INFO -  server_api.py:137
                             Performing security verification                   
                    INFO     2026-01-02 04:13:21,019 - INFO -  server_api.py:143
                             Verification passed                                
                    WARNING  2026-01-02 04:13:21,023 - WARNING server_api.py:192
                             - Function name not provided                       
[2026-01-02 04:13:21 -0500] [322995] [INFO] 127.0.0.1:57330 POST /fuck/function 1.1 400 39 17969
                    INFO     2026-01-02 04:13:21,034 - INFO -  server_api.py:182
                             Received function request                          
                    INFO     2026-01-02 04:13:21,038 - INFO -  server_api.py:137
                             Performing security verification                   
                    INFO     2026-01-02 04:13:21,043 - INFO -  server_api.py:143
                             Verification passed                                
                    INFO     2026-01-02 04:13:21,046 - INFO -  server_api.py:196
                             Requested function：device_list                    
                    INFO     2026-01-02 04:13:21,049 - INFO -   server_api.py:44
                             Server initialization                              
                    INFO     2026-01-02 04:13:21,053 - INFO -   server_api.py:51
                             Getting client list                                
                    INFO     2026-01-02 04:13:21,056 - INFO -   server_api.py:53
                             No connected devices currently                     
[2026-01-02 04:13:21 -0500] [322995] [INFO] 127.0.0.1:57340 POST /fuck/function 1.1 200 38 25852
[2026-01-02 04:13:21 -0500] [323085] [INFO] 127.0.0.1:51404 POST /fuck/requests_to_function 1.1 200 38 56462
[01/02/26 04:13:25] INFO     2026-01-02 04:13:25,193 - INFO -  server_api.py:182
                             Received function request                          
                    INFO     2026-01-02 04:13:25,198 - INFO -  server_api.py:137
                             Performing security verification                   
                    INFO     2026-01-02 04:13:25,207 - INFO -  server_api.py:143
                             Verification passed                                
                    WARNING  2026-01-02 04:13:25,212 - WARNING server_api.py:192
                             - Function name not provided                       
[2026-01-02 04:13:25 -0500] [322995] [INFO] 127.0.0.1:57346 POST /fuck/function 1.1 400 39 24695
                    INFO     2026-01-02 04:13:25,227 - INFO -  server_api.py:182
                             Received function request                          
                    INFO     2026-01-02 04:13:25,234 - INFO -  server_api.py:137
                             Performing security verification                   
                    INFO     2026-01-02 04:13:25,246 - INFO -  server_api.py:143
                             Verification passed                                
                    INFO     2026-01-02 04:13:25,253 - INFO -  server_api.py:196
                             Requested function：device_list                    
                    INFO     2026-01-02 04:13:25,260 - INFO -   server_api.py:44
                             Server initialization                              
                    INFO     2026-01-02 04:13:25,267 - INFO -   server_api.py:51
                             Getting client list                                
                    INFO     2026-01-02 04:13:25,273 - INFO -   server_api.py:53
                             No connected devices currently                     
[2026-01-02 04:13:25 -0500] [322995] [INFO] 127.0.0.1:57360 POST /fuck/function 1.1 200 38 55994
[2026-01-02 04:13:25 -0500] [323085] [INFO] 127.0.0.1:51404 POST /fuck/requests_to_function 1.1 200 38 96251
[01/02/26 04:13:30] INFO     2026-01-02 04:13:30,283 - INFO -  server_api.py:182
                             Received function request                          
                    INFO     2026-01-02 04:13:30,288 - INFO -  server_api.py:137
                             Performing security verification                   
                    INFO     2026-01-02 04:13:30,297 - INFO -  server_api.py:143
                             Verification passed                                
                    WARNING  2026-01-02 04:13:30,302 - WARNING server_api.py:192
                             - Function name not provided                       
[2026-01-02 04:13:30 -0500] [322995] [INFO] 127.0.0.1:42638 POST /fuck/function 1.1 400 39 25982
                    INFO     2026-01-02 04:13:30,317 - INFO -  server_api.py:182
                             Received function request                          
                    INFO     2026-01-02 04:13:30,322 - INFO -  server_api.py:137
                             Performing security verification                   
                    INFO     2026-01-02 04:13:30,332 - INFO -  server_api.py:143
                             Verification passed                                
                    INFO     2026-01-02 04:13:30,336 - INFO -  server_api.py:196
                             Requested function：device_list                    
                    INFO     2026-01-02 04:13:30,341 - INFO -   server_api.py:44
                             Server initialization                              
                    INFO     2026-01-02 04:13:30,345 - INFO -   server_api.py:51
                             Getting client list                                
                    INFO     2026-01-02 04:13:30,350 - INFO -   server_api.py:53
                             No connected devices currently                     
[2026-01-02 04:13:30 -0500] [322995] [INFO] 127.0.0.1:42654 POST /fuck/function 1.1 200 38 40941
[2026-01-02 04:13:30 -0500] [323085] [INFO] 127.0.0.1:51404 POST /fuck/requests_to_function 1.1 200 38 81592
[01/02/26 04:13:35] INFO     2026-01-02 04:13:35,200 - INFO -  server_api.py:182
                             Received function request                          
                    INFO     2026-01-02 04:13:35,205 - INFO -  server_api.py:137
                             Performing security verification                   
                    INFO     2026-01-02 04:13:35,214 - INFO -  server_api.py:143
                             Verification passed                                
                    WARNING  2026-01-02 04:13:35,218 - WARNING server_api.py:192
                             - Function name not provided                       
[2026-01-02 04:13:35 -0500] [322995] [INFO] 127.0.0.1:42658 POST /fuck/function 1.1 400 39 24623
                    INFO     2026-01-02 04:13:35,230 - INFO -  server_api.py:182
                             Received function request                          
                    INFO     2026-01-02 04:13:35,235 - INFO -  server_api.py:137
                             Performing security verification                   
                    INFO     2026-01-02 04:13:35,244 - INFO -  server_api.py:143
                             Verification passed                                
                    INFO     2026-01-02 04:13:35,249 - INFO -  server_api.py:196
                             Requested function：device_list                    
                    INFO     2026-01-02 04:13:35,253 - INFO -   server_api.py:44
                             Server initialization                              
                    INFO     2026-01-02 04:13:35,257 - INFO -   server_api.py:51
                             Getting client list                                
                    INFO     2026-01-02 04:13:35,262 - INFO -   server_api.py:53
                             No connected devices currently                     
[2026-01-02 04:13:35 -0500] [322995] [INFO] 127.0.0.1:42670 POST /fuck/function 1.1 200 38 37900
[2026-01-02 04:13:35 -0500] [323085] [INFO] 127.0.0.1:51404 POST /fuck/requests_to_function 1.1 200 38 76829
[01/02/26 04:22:12] INFO     2026-01-02 04:22:12,891 - INFO -  server_api.py:159
                             Received password verification                     
                             request                                            
                    INFO     2026-01-02 04:22:12,899 - INFO -  server_api.py:168
                             Password verification successful                   
[2026-01-02 04:22:12 -0500] [322995] [INFO] 127.0.0.1:58936 POST /fuck/verify 1.1 200 74 22196
[01/02/26 04:22:56] INFO     2026-01-02 04:22:56,696 - INFO -  server_api.py:159
                             Received password verification                     
                             request                                            
                    INFO     2026-01-02 04:22:56,708 - INFO -  server_api.py:168
                             Password verification successful                   
[2026-01-02 04:22:56 -0500] [322995] [INFO] 127.0.0.1:38038 POST /fuck/verify 1.1 200 74 20511
[01/02/26 04:22:57] INFO     2026-01-02 04:22:57,608 - INFO -  server_api.py:182
                             Received function request                          
                    INFO     2026-01-02 04:22:57,614 - INFO -  server_api.py:137
                             Performing security verification                   
                    INFO     2026-01-02 04:22:57,624 - INFO -  server_api.py:143
                             Verification passed                                
                    INFO     2026-01-02 04:22:57,630 - INFO -  server_api.py:196
                             Requested function：device_list                    
                    INFO     2026-01-02 04:22:57,637 - INFO -   server_api.py:44
                             Server initialization                              
                    INFO     2026-01-02 04:22:57,641 - INFO -   server_api.py:51
                             Getting client list                                
                    INFO     2026-01-02 04:22:57,647 - INFO -   server_api.py:53
                             No connected devices currently                     
[2026-01-02 04:22:57 -0500] [322995] [INFO] 127.0.0.1:33034 POST /fuck/function 1.1 200 38 50970
